//! GENERATED — do not edit by hand. Regenerate with:
//!   cargo xtask gen-charclass-table
//!
//! Fused casing + General_Category + script + grapheme-break bits for every
//! scalar, from the UCD 17.0 files in `src/testdata/ucd/`, std casing, and the
//! unicode-properties / unicode-script crates. See ADR 0021 / 0022 and the
//! `xtask gen-charclass-table` task.
//!
//! 5823 nonzero ranges.

/// `(lo, hi, bits)` for every scalar with any nonzero `Class` bit,
/// contiguous equal-bit runs coalesced. Expanded into the flat BMP
/// table at first use; astral entries are binary-searched.
pub(crate) const CLASS_RANGES: &[(u32, u32, u32)] = &[
    (0x0, 0x8, 0x02000200),
    (0x9, 0xD, 0x02000208),
    (0xE, 0x1F, 0x02000200),
    (0x20, 0x20, 0x00000008),
    (0x21, 0x21, 0x01004080),
    (0x22, 0x22, 0x91004000),
    (0x23, 0x23, 0x01004000),
    (0x24, 0x24, 0x00008000),
    (0x25, 0x26, 0x01004000),
    (0x27, 0x27, 0x91004000),
    (0x28, 0x29, 0x00004000),
    (0x2A, 0x2A, 0x01004000),
    (0x2B, 0x2B, 0x00008000),
    (0x2C, 0x2C, 0x81004000),
    (0x2D, 0x2D, 0x00004000),
    (0x2E, 0x2E, 0x81004080),
    (0x2F, 0x2F, 0x01004000),
    (0x30, 0x39, 0x00000030),
    (0x3A, 0x3A, 0x81004000),
    (0x3B, 0x3B, 0xA1004000),
    (0x3C, 0x3E, 0x00008000),
    (0x3F, 0x3F, 0x01004080),
    (0x40, 0x40, 0x01004000),
    (0x41, 0x4A, 0x004A0005),
    (0x4B, 0x4B, 0x204A0005),
    (0x4C, 0x5A, 0x004A0005),
    (0x5B, 0x5B, 0x00004000),
    (0x5C, 0x5C, 0x01004000),
    (0x5D, 0x5D, 0x00004000),
    (0x5E, 0x5E, 0x00008000),
    (0x5F, 0x5F, 0x80004000),
    (0x60, 0x60, 0x20008000),
    (0x61, 0x7A, 0x004A0003),
    (0x7B, 0x7B, 0x00004000),
    (0x7C, 0x7C, 0x00008000),
    (0x7D, 0x7D, 0x00004000),
    (0x7E, 0x7E, 0x00008000),
    (0x7F, 0x84, 0x02000200),
    (0x85, 0x85, 0x02000208),
    (0x86, 0x9F, 0x02000200),
    (0xA0, 0xA0, 0x00000008),
    (0xA1, 0xA1, 0x01004000),
    (0xA2, 0xA6, 0x00008000),
    (0xA7, 0xA7, 0x01004000),
    (0xA8, 0xA8, 0x00008000),
    (0xA9, 0xA9, 0x00008200),
    (0xAA, 0xAA, 0x004A0003),
    (0xAB, 0xAB, 0x10004000),
    (0xAC, 0xAC, 0x00008000),
    (0xAD, 0xAD, 0x00000200),
    (0xAE, 0xAE, 0x00008200),
    (0xAF, 0xB1, 0x00008000),
    (0xB2, 0xB3, 0x00000010),
    (0xB4, 0xB4, 0x20008000),
    (0xB5, 0xB5, 0x00000003),
    (0xB6, 0xB6, 0x01004000),
    (0xB7, 0xB7, 0xA1004000),
    (0xB8, 0xB8, 0x00008000),
    (0xB9, 0xB9, 0x00000010),
    (0xBA, 0xBA, 0x004A0003),
    (0xBB, 0xBB, 0x10004000),
    (0xBC, 0xBE, 0x00000010),
    (0xBF, 0xBF, 0x01004000),
    (0xC0, 0xC5, 0x204A0005),
    (0xC6, 0xC6, 0x004A0005),
    (0xC7, 0xCF, 0x204A0005),
    (0xD0, 0xD0, 0x004A0005),
    (0xD1, 0xD6, 0x204A0005),
    (0xD7, 0xD7, 0x00008000),
    (0xD8, 0xD8, 0x004A0005),
    (0xD9, 0xDD, 0x204A0005),
    (0xDE, 0xDE, 0x004A0005),
    (0xDF, 0xDF, 0x004A0003),
    (0xE0, 0xE5, 0x204A0003),
    (0xE6, 0xE6, 0x004A0003),
    (0xE7, 0xEF, 0x204A0003),
    (0xF0, 0xF0, 0x004A0003),
    (0xF1, 0xF6, 0x204A0003),
    (0xF7, 0xF7, 0x00008000),
    (0xF8, 0xF8, 0x004A0003),
    (0xF9, 0xFD, 0x204A0003),
    (0xFE, 0xFE, 0x004A0003),
    (0xFF, 0xFF, 0x204A0003),
    (0x100, 0x100, 0x204A0005),
    (0x101, 0x101, 0x204A0003),
    (0x102, 0x102, 0x204A0005),
    (0x103, 0x103, 0x204A0003),
    (0x104, 0x104, 0x204A0005),
    (0x105, 0x105, 0x204A0003),
    (0x106, 0x106, 0x204A0005),
    (0x107, 0x107, 0x204A0003),
    (0x108, 0x108, 0x204A0005),
    (0x109, 0x109, 0x204A0003),
    (0x10A, 0x10A, 0x204A0005),
    (0x10B, 0x10B, 0x204A0003),
    (0x10C, 0x10C, 0x204A0005),
    (0x10D, 0x10D, 0x204A0003),
    (0x10E, 0x10E, 0x204A0005),
    (0x10F, 0x10F, 0x204A0003),
    (0x110, 0x110, 0x004A0005),
    (0x111, 0x111, 0x004A0003),
    (0x112, 0x112, 0x204A0005),
    (0x113, 0x113, 0x204A0003),
    (0x114, 0x114, 0x204A0005),
    (0x115, 0x115, 0x204A0003),
    (0x116, 0x116, 0x204A0005),
    (0x117, 0x117, 0x204A0003),
    (0x118, 0x118, 0x204A0005),
    (0x119, 0x119, 0x204A0003),
    (0x11A, 0x11A, 0x204A0005),
    (0x11B, 0x11B, 0x204A0003),
    (0x11C, 0x11C, 0x204A0005),
    (0x11D, 0x11D, 0x204A0003),
    (0x11E, 0x11E, 0x204A0005),
    (0x11F, 0x11F, 0x204A0003),
    (0x120, 0x120, 0x204A0005),
    (0x121, 0x121, 0x204A0003),
    (0x122, 0x122, 0x204A0005),
    (0x123, 0x123, 0x204A0003),
    (0x124, 0x124, 0x204A0005),
    (0x125, 0x125, 0x204A0003),
    (0x126, 0x126, 0x004A0005),
    (0x127, 0x127, 0x004A0003),
    (0x128, 0x128, 0x204A0005),
    (0x129, 0x129, 0x204A0003),
    (0x12A, 0x12A, 0x204A0005),
    (0x12B, 0x12B, 0x204A0003),
    (0x12C, 0x12C, 0x204A0005),
    (0x12D, 0x12D, 0x204A0003),
    (0x12E, 0x12E, 0x204A0005),
    (0x12F, 0x12F, 0x204A0003),
    (0x130, 0x130, 0x204A0005),
    (0x131, 0x131, 0x004A0003),
    (0x132, 0x132, 0x004A0005),
    (0x133, 0x133, 0x004A0003),
    (0x134, 0x134, 0x204A0005),
    (0x135, 0x135, 0x204A0003),
    (0x136, 0x136, 0x204A0005),
    (0x137, 0x137, 0x204A0003),
    (0x138, 0x138, 0x004A0003),
    (0x139, 0x139, 0x204A0005),
    (0x13A, 0x13A, 0x204A0003),
    (0x13B, 0x13B, 0x204A0005),
    (0x13C, 0x13C, 0x204A0003),
    (0x13D, 0x13D, 0x204A0005),
    (0x13E, 0x13E, 0x204A0003),
    (0x13F, 0x13F, 0x004A0005),
    (0x140, 0x140, 0x004A0003),
    (0x141, 0x141, 0x004A0005),
    (0x142, 0x142, 0x004A0003),
    (0x143, 0x143, 0x204A0005),
    (0x144, 0x144, 0x204A0003),
    (0x145, 0x145, 0x204A0005),
    (0x146, 0x146, 0x204A0003),
    (0x147, 0x147, 0x204A0005),
    (0x148, 0x148, 0x204A0003),
    (0x149, 0x149, 0x004A0003),
    (0x14A, 0x14A, 0x004A0005),
    (0x14B, 0x14B, 0x004A0003),
    (0x14C, 0x14C, 0x204A0005),
    (0x14D, 0x14D, 0x204A0003),
    (0x14E, 0x14E, 0x204A0005),
    (0x14F, 0x14F, 0x204A0003),
    (0x150, 0x150, 0x204A0005),
    (0x151, 0x151, 0x204A0003),
    (0x152, 0x152, 0x004A0005),
    (0x153, 0x153, 0x004A0003),
    (0x154, 0x154, 0x204A0005),
    (0x155, 0x155, 0x204A0003),
    (0x156, 0x156, 0x204A0005),
    (0x157, 0x157, 0x204A0003),
    (0x158, 0x158, 0x204A0005),
    (0x159, 0x159, 0x204A0003),
    (0x15A, 0x15A, 0x204A0005),
    (0x15B, 0x15B, 0x204A0003),
    (0x15C, 0x15C, 0x204A0005),
    (0x15D, 0x15D, 0x204A0003),
    (0x15E, 0x15E, 0x204A0005),
    (0x15F, 0x15F, 0x204A0003),
    (0x160, 0x160, 0x204A0005),
    (0x161, 0x161, 0x204A0003),
    (0x162, 0x162, 0x204A0005),
    (0x163, 0x163, 0x204A0003),
    (0x164, 0x164, 0x204A0005),
    (0x165, 0x165, 0x204A0003),
    (0x166, 0x166, 0x004A0005),
    (0x167, 0x167, 0x004A0003),
    (0x168, 0x168, 0x204A0005),
    (0x169, 0x169, 0x204A0003),
    (0x16A, 0x16A, 0x204A0005),
    (0x16B, 0x16B, 0x204A0003),
    (0x16C, 0x16C, 0x204A0005),
    (0x16D, 0x16D, 0x204A0003),
    (0x16E, 0x16E, 0x204A0005),
    (0x16F, 0x16F, 0x204A0003),
    (0x170, 0x170, 0x204A0005),
    (0x171, 0x171, 0x204A0003),
    (0x172, 0x172, 0x204A0005),
    (0x173, 0x173, 0x204A0003),
    (0x174, 0x174, 0x204A0005),
    (0x175, 0x175, 0x204A0003),
    (0x176, 0x176, 0x204A0005),
    (0x177, 0x177, 0x204A0003),
    (0x178, 0x179, 0x204A0005),
    (0x17A, 0x17A, 0x204A0003),
    (0x17B, 0x17B, 0x204A0005),
    (0x17C, 0x17C, 0x204A0003),
    (0x17D, 0x17D, 0x204A0005),
    (0x17E, 0x17E, 0x204A0003),
    (0x17F, 0x180, 0x004A0003),
    (0x181, 0x182, 0x004A0005),
    (0x183, 0x183, 0x004A0003),
    (0x184, 0x184, 0x004A0005),
    (0x185, 0x185, 0x004A0003),
    (0x186, 0x187, 0x004A0005),
    (0x188, 0x188, 0x004A0003),
    (0x189, 0x18B, 0x004A0005),
    (0x18C, 0x18D, 0x004A0003),
    (0x18E, 0x191, 0x004A0005),
    (0x192, 0x192, 0x004A0003),
    (0x193, 0x194, 0x004A0005),
    (0x195, 0x195, 0x004A0003),
    (0x196, 0x198, 0x004A0005),
    (0x199, 0x19B, 0x004A0003),
    (0x19C, 0x19D, 0x004A0005),
    (0x19E, 0x19E, 0x004A0003),
    (0x19F, 0x19F, 0x004A0005),
    (0x1A0, 0x1A0, 0x204A0005),
    (0x1A1, 0x1A1, 0x204A0003),
    (0x1A2, 0x1A2, 0x004A0005),
    (0x1A3, 0x1A3, 0x004A0003),
    (0x1A4, 0x1A4, 0x004A0005),
    (0x1A5, 0x1A5, 0x004A0003),
    (0x1A6, 0x1A7, 0x004A0005),
    (0x1A8, 0x1A8, 0x004A0003),
    (0x1A9, 0x1A9, 0x004A0005),
    (0x1AA, 0x1AB, 0x004A0003),
    (0x1AC, 0x1AC, 0x004A0005),
    (0x1AD, 0x1AD, 0x004A0003),
    (0x1AE, 0x1AE, 0x004A0005),
    (0x1AF, 0x1AF, 0x204A0005),
    (0x1B0, 0x1B0, 0x204A0003),
    (0x1B1, 0x1B3, 0x004A0005),
    (0x1B4, 0x1B4, 0x004A0003),
    (0x1B5, 0x1B5, 0x004A0005),
    (0x1B6, 0x1B6, 0x004A0003),
    (0x1B7, 0x1B8, 0x004A0005),
    (0x1B9, 0x1BA, 0x004A0003),
    (0x1BB, 0x1BB, 0x004A0001),
    (0x1BC, 0x1BC, 0x004A0005),
    (0x1BD, 0x1BF, 0x004A0003),
    (0x1C0, 0x1C3, 0x004A0001),
    (0x1C4, 0x1C4, 0x004A0005),
    (0x1C5, 0x1C5, 0x004A0001),
    (0x1C6, 0x1C6, 0x004A0003),
    (0x1C7, 0x1C7, 0x004A0005),
    (0x1C8, 0x1C8, 0x004A0001),
    (0x1C9, 0x1C9, 0x004A0003),
    (0x1CA, 0x1CA, 0x004A0005),
    (0x1CB, 0x1CB, 0x004A0001),
    (0x1CC, 0x1CC, 0x004A0003),
    (0x1CD, 0x1CD, 0x204A0005),
    (0x1CE, 0x1CE, 0x204A0003),
    (0x1CF, 0x1CF, 0x204A0005),
    (0x1D0, 0x1D0, 0x204A0003),
    (0x1D1, 0x1D1, 0x204A0005),
    (0x1D2, 0x1D2, 0x204A0003),
    (0x1D3, 0x1D3, 0x204A0005),
    (0x1D4, 0x1D4, 0x204A0003),
    (0x1D5, 0x1D5, 0x204A0005),
    (0x1D6, 0x1D6, 0x204A0003),
    (0x1D7, 0x1D7, 0x204A0005),
    (0x1D8, 0x1D8, 0x204A0003),
    (0x1D9, 0x1D9, 0x204A0005),
    (0x1DA, 0x1DA, 0x204A0003),
    (0x1DB, 0x1DB, 0x204A0005),
    (0x1DC, 0x1DC, 0x204A0003),
    (0x1DD, 0x1DD, 0x004A0003),
    (0x1DE, 0x1DE, 0x204A0005),
    (0x1DF, 0x1DF, 0x204A0003),
    (0x1E0, 0x1E0, 0x204A0005),
    (0x1E1, 0x1E1, 0x204A0003),
    (0x1E2, 0x1E2, 0x204A0005),
    (0x1E3, 0x1E3, 0x204A0003),
    (0x1E4, 0x1E4, 0x004A0005),
    (0x1E5, 0x1E5, 0x004A0003),
    (0x1E6, 0x1E6, 0x204A0005),
    (0x1E7, 0x1E7, 0x204A0003),
    (0x1E8, 0x1E8, 0x204A0005),
    (0x1E9, 0x1E9, 0x204A0003),
    (0x1EA, 0x1EA, 0x204A0005),
    (0x1EB, 0x1EB, 0x204A0003),
    (0x1EC, 0x1EC, 0x204A0005),
    (0x1ED, 0x1ED, 0x204A0003),
    (0x1EE, 0x1EE, 0x204A0005),
    (0x1EF, 0x1F0, 0x204A0003),
    (0x1F1, 0x1F1, 0x004A0005),
    (0x1F2, 0x1F2, 0x004A0001),
    (0x1F3, 0x1F3, 0x004A0003),
    (0x1F4, 0x1F4, 0x204A0005),
    (0x1F5, 0x1F5, 0x204A0003),
    (0x1F6, 0x1F7, 0x004A0005),
    (0x1F8, 0x1F8, 0x204A0005),
    (0x1F9, 0x1F9, 0x204A0003),
    (0x1FA, 0x1FA, 0x204A0005),
    (0x1FB, 0x1FB, 0x204A0003),
    (0x1FC, 0x1FC, 0x204A0005),
    (0x1FD, 0x1FD, 0x204A0003),
    (0x1FE, 0x1FE, 0x204A0005),
    (0x1FF, 0x1FF, 0x204A0003),
    (0x200, 0x200, 0x204A0005),
    (0x201, 0x201, 0x204A0003),
    (0x202, 0x202, 0x204A0005),
    (0x203, 0x203, 0x204A0003),
    (0x204, 0x204, 0x204A0005),
    (0x205, 0x205, 0x204A0003),
    (0x206, 0x206, 0x204A0005),
    (0x207, 0x207, 0x204A0003),
    (0x208, 0x208, 0x204A0005),
    (0x209, 0x209, 0x204A0003),
    (0x20A, 0x20A, 0x204A0005),
    (0x20B, 0x20B, 0x204A0003),
    (0x20C, 0x20C, 0x204A0005),
    (0x20D, 0x20D, 0x204A0003),
    (0x20E, 0x20E, 0x204A0005),
    (0x20F, 0x20F, 0x204A0003),
    (0x210, 0x210, 0x204A0005),
    (0x211, 0x211, 0x204A0003),
    (0x212, 0x212, 0x204A0005),
    (0x213, 0x213, 0x204A0003),
    (0x214, 0x214, 0x204A0005),
    (0x215, 0x215, 0x204A0003),
    (0x216, 0x216, 0x204A0005),
    (0x217, 0x217, 0x204A0003),
    (0x218, 0x218, 0x204A0005),
    (0x219, 0x219, 0x204A0003),
    (0x21A, 0x21A, 0x204A0005),
    (0x21B, 0x21B, 0x204A0003),
    (0x21C, 0x21C, 0x004A0005),
    (0x21D, 0x21D, 0x004A0003),
    (0x21E, 0x21E, 0x204A0005),
    (0x21F, 0x21F, 0x204A0003),
    (0x220, 0x220, 0x004A0005),
    (0x221, 0x221, 0x004A0003),
    (0x222, 0x222, 0x004A0005),
    (0x223, 0x223, 0x004A0003),
    (0x224, 0x224, 0x004A0005),
    (0x225, 0x225, 0x004A0003),
    (0x226, 0x226, 0x204A0005),
    (0x227, 0x227, 0x204A0003),
    (0x228, 0x228, 0x204A0005),
    (0x229, 0x229, 0x204A0003),
    (0x22A, 0x22A, 0x204A0005),
    (0x22B, 0x22B, 0x204A0003),
    (0x22C, 0x22C, 0x204A0005),
    (0x22D, 0x22D, 0x204A0003),
    (0x22E, 0x22E, 0x204A0005),
    (0x22F, 0x22F, 0x204A0003),
    (0x230, 0x230, 0x204A0005),
    (0x231, 0x231, 0x204A0003),
    (0x232, 0x232, 0x204A0005),
    (0x233, 0x233, 0x204A0003),
    (0x234, 0x239, 0x004A0003),
    (0x23A, 0x23B, 0x004A0005),
    (0x23C, 0x23C, 0x004A0003),
    (0x23D, 0x23E, 0x004A0005),
    (0x23F, 0x240, 0x004A0003),
    (0x241, 0x241, 0x004A0005),
    (0x242, 0x242, 0x004A0003),
    (0x243, 0x246, 0x004A0005),
    (0x247, 0x247, 0x004A0003),
    (0x248, 0x248, 0x004A0005),
    (0x249, 0x249, 0x004A0003),
    (0x24A, 0x24A, 0x004A0005),
    (0x24B, 0x24B, 0x004A0003),
    (0x24C, 0x24C, 0x004A0005),
    (0x24D, 0x24D, 0x004A0003),
    (0x24E, 0x24E, 0x004A0005),
    (0x24F, 0x293, 0x004A0003),
    (0x294, 0x295, 0x004A0001),
    (0x296, 0x2B8, 0x004A0003),
    (0x2B9, 0x2B9, 0x20000001),
    (0x2BA, 0x2BF, 0x00000001),
    (0x2C0, 0x2C1, 0x00000003),
    (0x2C2, 0x2C5, 0x00008000),
    (0x2C6, 0x2D1, 0x00000001),
    (0x2D2, 0x2DF, 0x00008000),
    (0x2E0, 0x2E4, 0x004A0003),
    (0x2E5, 0x2E9, 0x00008000),
    (0x2EA, 0x2EB, 0x000F8000),
    (0x2EC, 0x2EC, 0x00000001),
    (0x2ED, 0x2ED, 0x00008000),
    (0x2EE, 0x2EE, 0x00000001),
    (0x2EF, 0x2FF, 0x00008000),
    (0x300, 0x344, 0x60003100),
    (0x345, 0x345, 0x60003103),
    (0x346, 0x34E, 0x60003100),
    (0x34F, 0x34F, 0x40003100),
    (0x350, 0x362, 0x60003100),
    (0x363, 0x36F, 0x60003101),
    (0x370, 0x370, 0x002E0005),
    (0x371, 0x371, 0x002E0003),
    (0x372, 0x372, 0x002E0005),
    (0x373, 0x373, 0x002E0003),
    (0x374, 0x374, 0x20000001),
    (0x375, 0x375, 0x002E8000),
    (0x376, 0x376, 0x002E0005),
    (0x377, 0x377, 0x002E0003),
    (0x37A, 0x37D, 0x002E0003),
    (0x37E, 0x37E, 0xA1004000),
    (0x37F, 0x37F, 0x002E0005),
    (0x384, 0x384, 0x002E8000),
    (0x385, 0x385, 0x20008000),
    (0x386, 0x386, 0x202E0005),
    (0x387, 0x387, 0xA1004000),
    (0x388, 0x38A, 0x202E0005),
    (0x38C, 0x38C, 0x202E0005),
    (0x38E, 0x38F, 0x202E0005),
    (0x390, 0x390, 0x202E0003),
    (0x391, 0x3A1, 0x002E0005),
    (0x3A3, 0x3A8, 0x002E0005),
    (0x3A9, 0x3AB, 0x202E0005),
    (0x3AC, 0x3B0, 0x202E0003),
    (0x3B1, 0x3B8, 0x002E0003),
    (0x3B9, 0x3B9, 0x202E0003),
    (0x3BA, 0x3C9, 0x002E0003),
    (0x3CA, 0x3CE, 0x202E0003),
    (0x3CF, 0x3CF, 0x002E0005),
    (0x3D0, 0x3D1, 0x002E0003),
    (0x3D2, 0x3D2, 0x002E0005),
    (0x3D3, 0x3D4, 0x202E0005),
    (0x3D5, 0x3D7, 0x002E0003),
    (0x3D8, 0x3D8, 0x002E0005),
    (0x3D9, 0x3D9, 0x002E0003),
    (0x3DA, 0x3DA, 0x002E0005),
    (0x3DB, 0x3DB, 0x002E0003),
    (0x3DC, 0x3DC, 0x002E0005),
    (0x3DD, 0x3DD, 0x002E0003),
    (0x3DE, 0x3DE, 0x002E0005),
    (0x3DF, 0x3DF, 0x002E0003),
    (0x3E0, 0x3E0, 0x002E0005),
    (0x3E1, 0x3E1, 0x002E0003),
    (0x3E2, 0x3E2, 0x001A0005),
    (0x3E3, 0x3E3, 0x001A0003),
    (0x3E4, 0x3E4, 0x001A0005),
    (0x3E5, 0x3E5, 0x001A0003),
    (0x3E6, 0x3E6, 0x001A0005),
    (0x3E7, 0x3E7, 0x001A0003),
    (0x3E8, 0x3E8, 0x001A0005),
    (0x3E9, 0x3E9, 0x001A0003),
    (0x3EA, 0x3EA, 0x001A0005),
    (0x3EB, 0x3EB, 0x001A0003),
    (0x3EC, 0x3EC, 0x001A0005),
    (0x3ED, 0x3ED, 0x001A0003),
    (0x3EE, 0x3EE, 0x001A0005),
    (0x3EF, 0x3EF, 0x001A0003),
    (0x3F0, 0x3F3, 0x002E0003),
    (0x3F4, 0x3F4, 0x002E0005),
    (0x3F5, 0x3F5, 0x002E0003),
    (0x3F6, 0x3F6, 0x002E8000),
    (0x3F7, 0x3F7, 0x002E0005),
    (0x3F8, 0x3F8, 0x002E0003),
    (0x3F9, 0x3FA, 0x002E0005),
    (0x3FB, 0x3FC, 0x002E0003),
    (0x3FD, 0x3FF, 0x002E0005),
    (0x400, 0x401, 0x201D0005),
    (0x402, 0x402, 0x001D0005),
    (0x403, 0x403, 0x201D0005),
    (0x404, 0x406, 0x001D0005),
    (0x407, 0x407, 0x201D0005),
    (0x408, 0x40B, 0x001D0005),
    (0x40C, 0x40E, 0x201D0005),
    (0x40F, 0x418, 0x001D0005),
    (0x419, 0x419, 0x201D0005),
    (0x41A, 0x42F, 0x001D0005),
    (0x430, 0x438, 0x001D0003),
    (0x439, 0x439, 0x201D0003),
    (0x43A, 0x44F, 0x001D0003),
    (0x450, 0x451, 0x201D0003),
    (0x452, 0x452, 0x001D0003),
    (0x453, 0x453, 0x201D0003),
    (0x454, 0x456, 0x001D0003),
    (0x457, 0x457, 0x201D0003),
    (0x458, 0x45B, 0x001D0003),
    (0x45C, 0x45E, 0x201D0003),
    (0x45F, 0x45F, 0x001D0003),
    (0x460, 0x460, 0x001D0005),
    (0x461, 0x461, 0x001D0003),
    (0x462, 0x462, 0x001D0005),
    (0x463, 0x463, 0x001D0003),
    (0x464, 0x464, 0x001D0005),
    (0x465, 0x465, 0x001D0003),
    (0x466, 0x466, 0x001D0005),
    (0x467, 0x467, 0x001D0003),
    (0x468, 0x468, 0x001D0005),
    (0x469, 0x469, 0x001D0003),
    (0x46A, 0x46A, 0x001D0005),
    (0x46B, 0x46B, 0x001D0003),
    (0x46C, 0x46C, 0x001D0005),
    (0x46D, 0x46D, 0x001D0003),
    (0x46E, 0x46E, 0x001D0005),
    (0x46F, 0x46F, 0x001D0003),
    (0x470, 0x470, 0x001D0005),
    (0x471, 0x471, 0x001D0003),
    (0x472, 0x472, 0x001D0005),
    (0x473, 0x473, 0x001D0003),
    (0x474, 0x474, 0x001D0005),
    (0x475, 0x475, 0x001D0003),
    (0x476, 0x476, 0x201D0005),
    (0x477, 0x477, 0x201D0003),
    (0x478, 0x478, 0x001D0005),
    (0x479, 0x479, 0x001D0003),
    (0x47A, 0x47A, 0x001D0005),
    (0x47B, 0x47B, 0x001D0003),
    (0x47C, 0x47C, 0x001D0005),
    (0x47D, 0x47D, 0x001D0003),
    (0x47E, 0x47E, 0x001D0005),
    (0x47F, 0x47F, 0x001D0003),
    (0x480, 0x480, 0x001D0005),
    (0x481, 0x481, 0x001D0003),
    (0x482, 0x482, 0x001D8000),
    (0x483, 0x484, 0x601D3100),
    (0x485, 0x486, 0x60003100),
    (0x487, 0x487, 0x601D3100),
    (0x488, 0x489, 0x401D3100),
    (0x48A, 0x48A, 0x001D0005),
    (0x48B, 0x48B, 0x001D0003),
    (0x48C, 0x48C, 0x001D0005),
    (0x48D, 0x48D, 0x001D0003),
    (0x48E, 0x48E, 0x001D0005),
    (0x48F, 0x48F, 0x001D0003),
    (0x490, 0x490, 0x001D0005),
    (0x491, 0x491, 0x001D0003),
    (0x492, 0x492, 0x001D0005),
    (0x493, 0x493, 0x001D0003),
    (0x494, 0x494, 0x001D0005),
    (0x495, 0x495, 0x001D0003),
    (0x496, 0x496, 0x001D0005),
    (0x497, 0x497, 0x001D0003),
    (0x498, 0x498, 0x001D0005),
    (0x499, 0x499, 0x001D0003),
    (0x49A, 0x49A, 0x001D0005),
    (0x49B, 0x49B, 0x001D0003),
    (0x49C, 0x49C, 0x001D0005),
    (0x49D, 0x49D, 0x001D0003),
    (0x49E, 0x49E, 0x001D0005),
    (0x49F, 0x49F, 0x001D0003),
    (0x4A0, 0x4A0, 0x001D0005),
    (0x4A1, 0x4A1, 0x001D0003),
    (0x4A2, 0x4A2, 0x001D0005),
    (0x4A3, 0x4A3, 0x001D0003),
    (0x4A4, 0x4A4, 0x001D0005),
    (0x4A5, 0x4A5, 0x001D0003),
    (0x4A6, 0x4A6, 0x001D0005),
    (0x4A7, 0x4A7, 0x001D0003),
    (0x4A8, 0x4A8, 0x001D0005),
    (0x4A9, 0x4A9, 0x001D0003),
    (0x4AA, 0x4AA, 0x001D0005),
    (0x4AB, 0x4AB, 0x001D0003),
    (0x4AC, 0x4AC, 0x001D0005),
    (0x4AD, 0x4AD, 0x001D0003),
    (0x4AE, 0x4AE, 0x001D0005),
    (0x4AF, 0x4AF, 0x001D0003),
    (0x4B0, 0x4B0, 0x001D0005),
    (0x4B1, 0x4B1, 0x001D0003),
    (0x4B2, 0x4B2, 0x001D0005),
    (0x4B3, 0x4B3, 0x001D0003),
    (0x4B4, 0x4B4, 0x001D0005),
    (0x4B5, 0x4B5, 0x001D0003),
    (0x4B6, 0x4B6, 0x001D0005),
    (0x4B7, 0x4B7, 0x001D0003),
    (0x4B8, 0x4B8, 0x001D0005),
    (0x4B9, 0x4B9, 0x001D0003),
    (0x4BA, 0x4BA, 0x001D0005),
    (0x4BB, 0x4BB, 0x001D0003),
    (0x4BC, 0x4BC, 0x001D0005),
    (0x4BD, 0x4BD, 0x001D0003),
    (0x4BE, 0x4BE, 0x001D0005),
    (0x4BF, 0x4BF, 0x001D0003),
    (0x4C0, 0x4C0, 0x001D0005),
    (0x4C1, 0x4C1, 0x201D0005),
    (0x4C2, 0x4C2, 0x201D0003),
    (0x4C3, 0x4C3, 0x001D0005),
    (0x4C4, 0x4C4, 0x001D0003),
    (0x4C5, 0x4C5, 0x001D0005),
    (0x4C6, 0x4C6, 0x001D0003),
    (0x4C7, 0x4C7, 0x001D0005),
    (0x4C8, 0x4C8, 0x001D0003),
    (0x4C9, 0x4C9, 0x001D0005),
    (0x4CA, 0x4CA, 0x001D0003),
    (0x4CB, 0x4CB, 0x001D0005),
    (0x4CC, 0x4CC, 0x001D0003),
    (0x4CD, 0x4CD, 0x001D0005),
    (0x4CE, 0x4CF, 0x001D0003),
    (0x4D0, 0x4D0, 0x201D0005),
    (0x4D1, 0x4D1, 0x201D0003),
    (0x4D2, 0x4D2, 0x201D0005),
    (0x4D3, 0x4D3, 0x201D0003),
    (0x4D4, 0x4D4, 0x001D0005),
    (0x4D5, 0x4D5, 0x001D0003),
    (0x4D6, 0x4D6, 0x201D0005),
    (0x4D7, 0x4D7, 0x201D0003),
    (0x4D8, 0x4D8, 0x001D0005),
    (0x4D9, 0x4D9, 0x001D0003),
    (0x4DA, 0x4DA, 0x201D0005),
    (0x4DB, 0x4DB, 0x201D0003),
    (0x4DC, 0x4DC, 0x201D0005),
    (0x4DD, 0x4DD, 0x201D0003),
    (0x4DE, 0x4DE, 0x201D0005),
    (0x4DF, 0x4DF, 0x201D0003),
    (0x4E0, 0x4E0, 0x001D0005),
    (0x4E1, 0x4E1, 0x001D0003),
    (0x4E2, 0x4E2, 0x201D0005),
    (0x4E3, 0x4E3, 0x201D0003),
    (0x4E4, 0x4E4, 0x201D0005),
    (0x4E5, 0x4E5, 0x201D0003),
    (0x4E6, 0x4E6, 0x201D0005),
    (0x4E7, 0x4E7, 0x201D0003),
    (0x4E8, 0x4E8, 0x001D0005),
    (0x4E9, 0x4E9, 0x001D0003),
    (0x4EA, 0x4EA, 0x201D0005),
    (0x4EB, 0x4EB, 0x201D0003),
    (0x4EC, 0x4EC, 0x201D0005),
    (0x4ED, 0x4ED, 0x201D0003),
    (0x4EE, 0x4EE, 0x201D0005),
    (0x4EF, 0x4EF, 0x201D0003),
    (0x4F0, 0x4F0, 0x201D0005),
    (0x4F1, 0x4F1, 0x201D0003),
    (0x4F2, 0x4F2, 0x201D0005),
    (0x4F3, 0x4F3, 0x201D0003),
    (0x4F4, 0x4F4, 0x201D0005),
    (0x4F5, 0x4F5, 0x201D0003),
    (0x4F6, 0x4F6, 0x001D0005),
    (0x4F7, 0x4F7, 0x001D0003),
    (0x4F8, 0x4F8, 0x201D0005),
    (0x4F9, 0x4F9, 0x201D0003),
    (0x4FA, 0x4FA, 0x001D0005),
    (0x4FB, 0x4FB, 0x001D0003),
    (0x4FC, 0x4FC, 0x001D0005),
    (0x4FD, 0x4FD, 0x001D0003),
    (0x4FE, 0x4FE, 0x001D0005),
    (0x4FF, 0x4FF, 0x001D0003),
    (0x500, 0x500, 0x001D0005),
    (0x501, 0x501, 0x001D0003),
    (0x502, 0x502, 0x001D0005),
    (0x503, 0x503, 0x001D0003),
    (0x504, 0x504, 0x001D0005),
    (0x505, 0x505, 0x001D0003),
    (0x506, 0x506, 0x001D0005),
    (0x507, 0x507, 0x001D0003),
    (0x508, 0x508, 0x001D0005),
    (0x509, 0x509, 0x001D0003),
    (0x50A, 0x50A, 0x001D0005),
    (0x50B, 0x50B, 0x001D0003),
    (0x50C, 0x50C, 0x001D0005),
    (0x50D, 0x50D, 0x001D0003),
    (0x50E, 0x50E, 0x001D0005),
    (0x50F, 0x50F, 0x001D0003),
    (0x510, 0x510, 0x001D0005),
    (0x511, 0x511, 0x001D0003),
    (0x512, 0x512, 0x001D0005),
    (0x513, 0x513, 0x001D0003),
    (0x514, 0x514, 0x001D0005),
    (0x515, 0x515, 0x001D0003),
    (0x516, 0x516, 0x001D0005),
    (0x517, 0x517, 0x001D0003),
    (0x518, 0x518, 0x001D0005),
    (0x519, 0x519, 0x001D0003),
    (0x51A, 0x51A, 0x001D0005),
    (0x51B, 0x51B, 0x001D0003),
    (0x51C, 0x51C, 0x001D0005),
    (0x51D, 0x51D, 0x001D0003),
    (0x51E, 0x51E, 0x001D0005),
    (0x51F, 0x51F, 0x001D0003),
    (0x520, 0x520, 0x001D0005),
    (0x521, 0x521, 0x001D0003),
    (0x522, 0x522, 0x001D0005),
    (0x523, 0x523, 0x001D0003),
    (0x524, 0x524, 0x001D0005),
    (0x525, 0x525, 0x001D0003),
    (0x526, 0x526, 0x001D0005),
    (0x527, 0x527, 0x001D0003),
    (0x528, 0x528, 0x001D0005),
    (0x529, 0x529, 0x001D0003),
    (0x52A, 0x52A, 0x001D0005),
    (0x52B, 0x52B, 0x001D0003),
    (0x52C, 0x52C, 0x001D0005),
    (0x52D, 0x52D, 0x001D0003),
    (0x52E, 0x52E, 0x001D0005),
    (0x52F, 0x52F, 0x001D0003),
    (0x531, 0x556, 0x00060005),
    (0x559, 0x559, 0x00060001),
    (0x55A, 0x55E, 0x01064000),
    (0x55F, 0x55F, 0x81064000),
    (0x560, 0x588, 0x00060003),
    (0x589, 0x589, 0x81064080),
    (0x58A, 0x58A, 0x00064000),
    (0x58D, 0x58F, 0x00068000),
    (0x591, 0x5AF, 0x60363100),
    (0x5B0, 0x5BD, 0x60363101),
    (0x5BE, 0x5BE, 0x00364000),
    (0x5BF, 0x5BF, 0x60363101),
    (0x5C0, 0x5C0, 0x01364000),
    (0x5C1, 0x5C2, 0x60363101),
    (0x5C3, 0x5C3, 0x01364000),
    (0x5C4, 0x5C5, 0x60363101),
    (0x5C6, 0x5C6, 0x01364000),
    (0x5C7, 0x5C7, 0x60363101),
    (0x5D0, 0x5EA, 0x00360001),
    (0x5EF, 0x5F2, 0x00360001),
    (0x5F3, 0x5F3, 0x01364000),
    (0x5F4, 0x5F4, 0x81364000),
    (0x600, 0x604, 0x00040200),
    (0x605, 0x605, 0x00000200),
    (0x606, 0x608, 0x00048000),
    (0x609, 0x60A, 0x01044000),
    (0x60B, 0x60B, 0x00048000),
    (0x60C, 0x60C, 0x81004000),
    (0x60D, 0x60D, 0x81044000),
    (0x60E, 0x60F, 0x00048000),
    (0x610, 0x61A, 0x60043101),
    (0x61B, 0x61B, 0x01004000),
    (0x61C, 0x61C, 0x00040200),
    (0x61D, 0x61E, 0x01044080),
    (0x61F, 0x61F, 0x01004080),
    (0x620, 0x621, 0x00040001),
    (0x622, 0x626, 0x20040001),
    (0x627, 0x63F, 0x00040001),
    (0x640, 0x640, 0x00000001),
    (0x641, 0x64A, 0x00040001),
    (0x64B, 0x655, 0x60003101),
    (0x656, 0x657, 0x60043101),
    (0x658, 0x658, 0x60043100),
    (0x659, 0x65F, 0x60043101),
    (0x660, 0x669, 0x00040030),
    (0x66A, 0x66B, 0x01044000),
    (0x66C, 0x66C, 0x81044000),
    (0x66D, 0x66D, 0x01044000),
    (0x66E, 0x66F, 0x00040001),
    (0x670, 0x670, 0x60003101),
    (0x671, 0x6BF, 0x00040001),
    (0x6C0, 0x6C0, 0x20040001),
    (0x6C1, 0x6C1, 0x00040001),
    (0x6C2, 0x6C2, 0x20040001),
    (0x6C3, 0x6D2, 0x00040001),
    (0x6D3, 0x6D3, 0x20040001),
    (0x6D4, 0x6D4, 0x01044080),
    (0x6D5, 0x6D5, 0x00040001),
    (0x6D6, 0x6DC, 0x60043101),
    (0x6DD, 0x6DD, 0x00000200),
    (0x6DE, 0x6DE, 0x00048000),
    (0x6DF, 0x6E0, 0x60043100),
    (0x6E1, 0x6E4, 0x60043101),
    (0x6E5, 0x6E6, 0x00040001),
    (0x6E7, 0x6E8, 0x60043101),
    (0x6E9, 0x6E9, 0x00048000),
    (0x6EA, 0x6EC, 0x60043100),
    (0x6ED, 0x6ED, 0x60043101),
    (0x6EE, 0x6EF, 0x00040001),
    (0x6F0, 0x6F9, 0x00040030),
    (0x6FA, 0x6FC, 0x00040001),
    (0x6FD, 0x6FE, 0x00048000),
    (0x6FF, 0x6FF, 0x00040001),
    (0x700, 0x702, 0x018E4080),
    (0x703, 0x70D, 0x018E4000),
    (0x70F, 0x70F, 0x008E0200),
    (0x710, 0x710, 0x008E0001),
    (0x711, 0x711, 0x608E3101),
    (0x712, 0x72F, 0x008E0001),
    (0x730, 0x73F, 0x608E3101),
    (0x740, 0x74A, 0x608E3100),
    (0x74D, 0x74F, 0x008E0001),
    (0x750, 0x77F, 0x00040001),
    (0x780, 0x7A5, 0x009A0001),
    (0x7A6, 0x7B0, 0x409A3101),
    (0x7B1, 0x7B1, 0x009A0001),
    (0x7C0, 0x7C9, 0x00670030),
    (0x7CA, 0x7EA, 0x00670001),
    (0x7EB, 0x7F3, 0x60673100),
    (0x7F4, 0x7F5, 0x00670001),
    (0x7F6, 0x7F6, 0x00678000),
    (0x7F7, 0x7F7, 0x01674000),
    (0x7F8, 0x7F8, 0x81674000),
    (0x7F9, 0x7F9, 0x01674080),
    (0x7FA, 0x7FA, 0x00670001),
    (0x7FD, 0x7FD, 0x60673100),
    (0x7FE, 0x7FF, 0x00678000),
    (0x800, 0x815, 0x007D0001),
    (0x816, 0x817, 0x607D3101),
    (0x818, 0x819, 0x607D3100),
    (0x81A, 0x81A, 0x007D0001),
    (0x81B, 0x823, 0x607D3101),
    (0x824, 0x824, 0x007D0001),
    (0x825, 0x827, 0x607D3101),
    (0x828, 0x828, 0x007D0001),
    (0x829, 0x82C, 0x607D3101),
    (0x82D, 0x82D, 0x607D3100),
    (0x830, 0x836, 0x017D4000),
    (0x837, 0x837, 0x017D4080),
    (0x838, 0x838, 0x017D4000),
    (0x839, 0x839, 0x017D4080),
    (0x83A, 0x83C, 0x017D4000),
    (0x83D, 0x83E, 0x017D4080),
    (0x840, 0x858, 0x00540001),
    (0x859, 0x85B, 0x60543100),
    (0x85E, 0x85E, 0x01544000),
    (0x860, 0x86A, 0x008E0001),
    (0x870, 0x887, 0x00040001),
    (0x888, 0x888, 0x00048000),
    (0x889, 0x88F, 0x00040001),
    (0x890, 0x891, 0x00040200),
    (0x897, 0x897, 0x60043101),
    (0x898, 0x89F, 0x60043100),
    (0x8A0, 0x8C9, 0x00040001),
    (0x8CA, 0x8D3, 0x60043100),
    (0x8D4, 0x8DF, 0x60043101),
    (0x8E0, 0x8E1, 0x60043100),
    (0x8E2, 0x8E2, 0x00000200),
    (0x8E3, 0x8E9, 0x60043101),
    (0x8EA, 0x8EF, 0x60043100),
    (0x8F0, 0x8FF, 0x60043101),
    (0x900, 0x902, 0x401E3101),
    (0x903, 0x903, 0x401E2101),
    (0x904, 0x914, 0x001E0001),
    (0x915, 0x928, 0x001E0401),
    (0x929, 0x929, 0x201E0401),
    (0x92A, 0x930, 0x001E0401),
    (0x931, 0x931, 0x201E0401),
    (0x932, 0x933, 0x001E0401),
    (0x934, 0x934, 0x201E0401),
    (0x935, 0x939, 0x001E0401),
    (0x93A, 0x93A, 0x401E3101),
    (0x93B, 0x93B, 0x401E2101),
    (0x93C, 0x93C, 0x601E3100),
    (0x93D, 0x93D, 0x001E0001),
    (0x93E, 0x940, 0x401E2101),
    (0x941, 0x948, 0x401E3101),
    (0x949, 0x94C, 0x401E2101),
    (0x94D, 0x94D, 0x601E3900),
    (0x94E, 0x94F, 0x401E2101),
    (0x950, 0x950, 0x001E0001),
    (0x951, 0x954, 0x60003100),
    (0x955, 0x957, 0x401E3101),
    (0x958, 0x95F, 0x201E0401),
    (0x960, 0x961, 0x001E0001),
    (0x962, 0x963, 0x401E3101),
    (0x964, 0x965, 0x01004080),
    (0x966, 0x96F, 0x001E0030),
    (0x970, 0x970, 0x011E4000),
    (0x971, 0x977, 0x001E0001),
    (0x978, 0x97F, 0x001E0401),
    (0x980, 0x980, 0x000C0001),
    (0x981, 0x981, 0x400C3101),
    (0x982, 0x983, 0x400C2101),
    (0x985, 0x98C, 0x000C0001),
    (0x98F, 0x990, 0x000C0001),
    (0x993, 0x994, 0x000C0001),
    (0x995, 0x9A8, 0x000C0401),
    (0x9AA, 0x9B0, 0x000C0401),
    (0x9B2, 0x9B2, 0x000C0401),
    (0x9B6, 0x9B9, 0x000C0401),
    (0x9BC, 0x9BC, 0x600C3100),
    (0x9BD, 0x9BD, 0x000C0001),
    (0x9BE, 0x9BE, 0x600C3101),
    (0x9BF, 0x9C0, 0x400C2101),
    (0x9C1, 0x9C4, 0x400C3101),
    (0x9C7, 0x9C7, 0x600C2101),
    (0x9C8, 0x9C8, 0x400C2101),
    (0x9CB, 0x9CC, 0x600C2101),
    (0x9CD, 0x9CD, 0x600C3900),
    (0x9CE, 0x9CE, 0x000C0001),
    (0x9D7, 0x9D7, 0x600C3101),
    (0x9DC, 0x9DD, 0x200C0401),
    (0x9DF, 0x9DF, 0x200C0401),
    (0x9E0, 0x9E1, 0x000C0001),
    (0x9E2, 0x9E3, 0x400C3101),
    (0x9E6, 0x9EF, 0x000C0030),
    (0x9F0, 0x9F1, 0x000C0401),
    (0x9F2, 0x9F3, 0x000C8000),
    (0x9F4, 0x9F9, 0x000C0010),
    (0x9FA, 0x9FB, 0x000C8000),
    (0x9FC, 0x9FC, 0x000C0001),
    (0x9FD, 0x9FD, 0x010C4000),
    (0x9FE, 0x9FE, 0x600C3100),
    (0xA01, 0xA02, 0x40313101),
    (0xA03, 0xA03, 0x40312101),
    (0xA05, 0xA0A, 0x00310001),
    (0xA0F, 0xA10, 0x00310001),
    (0xA13, 0xA28, 0x00310001),
    (0xA2A, 0xA30, 0x00310001),
    (0xA32, 0xA32, 0x00310001),
    (0xA33, 0xA33, 0x20310001),
    (0xA35, 0xA35, 0x00310001),
    (0xA36, 0xA36, 0x20310001),
    (0xA38, 0xA39, 0x00310001),
    (0xA3C, 0xA3C, 0x60313100),
    (0xA3E, 0xA40, 0x40312101),
    (0xA41, 0xA42, 0x40313101),
    (0xA47, 0xA48, 0x40313101),
    (0xA4B, 0xA4C, 0x40313101),
    (0xA4D, 0xA4D, 0x60313100),
    (0xA51, 0xA51, 0x40313101),
    (0xA59, 0xA5B, 0x20310001),
    (0xA5C, 0xA5C, 0x00310001),
    (0xA5E, 0xA5E, 0x20310001),
    (0xA66, 0xA6F, 0x00310030),
    (0xA70, 0xA71, 0x40313101),
    (0xA72, 0xA74, 0x00310001),
    (0xA75, 0xA75, 0x40313101),
    (0xA76, 0xA76, 0x01314000),
    (0xA81, 0xA82, 0x402F3101),
    (0xA83, 0xA83, 0x402F2101),
    (0xA85, 0xA8D, 0x002F0001),
    (0xA8F, 0xA91, 0x002F0001),
    (0xA93, 0xA94, 0x002F0001),
    (0xA95, 0xAA8, 0x002F0401),
    (0xAAA, 0xAB0, 0x002F0401),
    (0xAB2, 0xAB3, 0x002F0401),
    (0xAB5, 0xAB9, 0x002F0401),
    (0xABC, 0xABC, 0x602F3100),
    (0xABD, 0xABD, 0x002F0001),
    (0xABE, 0xAC0, 0x402F2101),
    (0xAC1, 0xAC5, 0x402F3101),
    (0xAC7, 0xAC8, 0x402F3101),
    (0xAC9, 0xAC9, 0x402F2101),
    (0xACB, 0xACC, 0x402F2101),
    (0xACD, 0xACD, 0x602F3900),
    (0xAD0, 0xAD0, 0x002F0001),
    (0xAE0, 0xAE1, 0x002F0001),
    (0xAE2, 0xAE3, 0x402F3101),
    (0xAE6, 0xAEF, 0x002F0030),
    (0xAF0, 0xAF0, 0x012F4000),
    (0xAF1, 0xAF1, 0x002F8000),
    (0xAF9, 0xAF9, 0x002F0401),
    (0xAFA, 0xAFC, 0x402F3101),
    (0xAFD, 0xAFF, 0x402F3100),
    (0xB01, 0xB01, 0x406D3101),
    (0xB02, 0xB03, 0x406D2101),
    (0xB05, 0xB0C, 0x006D0001),
    (0xB0F, 0xB10, 0x006D0001),
    (0xB13, 0xB14, 0x006D0001),
    (0xB15, 0xB28, 0x006D0401),
    (0xB2A, 0xB30, 0x006D0401),
    (0xB32, 0xB33, 0x006D0401),
    (0xB35, 0xB39, 0x006D0401),
    (0xB3C, 0xB3C, 0x606D3100),
    (0xB3D, 0xB3D, 0x006D0001),
    (0xB3E, 0xB3E, 0x606D3101),
    (0xB3F, 0xB3F, 0x406D3101),
    (0xB40, 0xB40, 0x406D2101),
    (0xB41, 0xB44, 0x406D3101),
    (0xB47, 0xB48, 0x606D2101),
    (0xB4B, 0xB4C, 0x606D2101),
    (0xB4D, 0xB4D, 0x606D3900),
    (0xB55, 0xB55, 0x406D3100),
    (0xB56, 0xB57, 0x606D3101),
    (0xB5C, 0xB5D, 0x206D0401),
    (0xB5F, 0xB5F, 0x006D0401),
    (0xB60, 0xB61, 0x006D0001),
    (0xB62, 0xB63, 0x406D3101),
    (0xB66, 0xB6F, 0x006D0030),
    (0xB70, 0xB70, 0x006D8000),
    (0xB71, 0xB71, 0x006D0401),
    (0xB72, 0xB77, 0x006D0010),
    (0xB82, 0xB82, 0x40933101),
    (0xB83, 0xB83, 0x00930001),
    (0xB85, 0xB8A, 0x00930001),
    (0xB8E, 0xB90, 0x00930001),
    (0xB92, 0xB92, 0x20930001),
    (0xB93, 0xB93, 0x00930001),
    (0xB94, 0xB94, 0x20930001),
    (0xB95, 0xB95, 0x00930001),
    (0xB99, 0xB9A, 0x00930001),
    (0xB9C, 0xB9C, 0x00930001),
    (0xB9E, 0xB9F, 0x00930001),
    (0xBA3, 0xBA4, 0x00930001),
    (0xBA8, 0xBAA, 0x00930001),
    (0xBAE, 0xBB9, 0x00930001),
    (0xBBE, 0xBBE, 0x60933101),
    (0xBBF, 0xBBF, 0x40932101),
    (0xBC0, 0xBC0, 0x40933101),
    (0xBC1, 0xBC2, 0x40932101),
    (0xBC6, 0xBC7, 0x60932101),
    (0xBC8, 0xBC8, 0x40932101),
    (0xBCA, 0xBCC, 0x60932101),
    (0xBCD, 0xBCD, 0x60933100),
    (0xBD0, 0xBD0, 0x00930001),
    (0xBD7, 0xBD7, 0x60933101),
    (0xBE6, 0xBEF, 0x00930030),
    (0xBF0, 0xBF2, 0x00930010),
    (0xBF3, 0xBFA, 0x00938000),
    (0xC00, 0xC00, 0x40973101),
    (0xC01, 0xC03, 0x40972101),
    (0xC04, 0xC04, 0x40973101),
    (0xC05, 0xC0C, 0x00970001),
    (0xC0E, 0xC10, 0x00970001),
    (0xC12, 0xC14, 0x00970001),
    (0xC15, 0xC28, 0x00970401),
    (0xC2A, 0xC39, 0x00970401),
    (0xC3C, 0xC3C, 0x60973100),
    (0xC3D, 0xC3D, 0x00970001),
    (0xC3E, 0xC40, 0x40973101),
    (0xC41, 0xC44, 0x40972101),
    (0xC46, 0xC47, 0x40973101),
    (0xC48, 0xC48, 0x60973101),
    (0xC4A, 0xC4C, 0x40973101),
    (0xC4D, 0xC4D, 0x60973900),
    (0xC55, 0xC56, 0x60973101),
    (0xC58, 0xC5A, 0x00970401),
    (0xC5C, 0xC5D, 0x00970001),
    (0xC60, 0xC61, 0x00970001),
    (0xC62, 0xC63, 0x40973101),
    (0xC66, 0xC6F, 0x00970030),
    (0xC77, 0xC77, 0x01974000),
    (0xC78, 0xC7E, 0x00970010),
    (0xC7F, 0xC7F, 0x00978000),
    (0xC80, 0xC80, 0x00450001),
    (0xC81, 0xC81, 0x40453101),
    (0xC82, 0xC83, 0x40452101),
    (0xC84, 0xC84, 0x01454000),
    (0xC85, 0xC8C, 0x00450001),
    (0xC8E, 0xC90, 0x00450001),
    (0xC92, 0xCA8, 0x00450001),
    (0xCAA, 0xCB3, 0x00450001),
    (0xCB5, 0xCB9, 0x00450001),
    (0xCBC, 0xCBC, 0x60453100),
    (0xCBD, 0xCBD, 0x00450001),
    (0xCBE, 0xCBE, 0x40452101),
    (0xCBF, 0xCC0, 0x60453101),
    (0xCC1, 0xCC1, 0x40452101),
    (0xCC2, 0xCC2, 0x60453101),
    (0xCC3, 0xCC4, 0x40452101),
    (0xCC6, 0xCC8, 0x60453101),
    (0xCCA, 0xCCB, 0x60453101),
    (0xCCC, 0xCCC, 0x40453101),
    (0xCCD, 0xCCD, 0x60453100),
    (0xCD5, 0xCD6, 0x60453101),
    (0xCDC, 0xCDE, 0x00450001),
    (0xCE0, 0xCE1, 0x00450001),
    (0xCE2, 0xCE3, 0x40453101),
    (0xCE6, 0xCEF, 0x00450030),
    (0xCF1, 0xCF2, 0x00450001),
    (0xCF3, 0xCF3, 0x40452101),
    (0xD00, 0xD01, 0x405B3101),
    (0xD02, 0xD03, 0x405B2101),
    (0xD04, 0xD0C, 0x005B0001),
    (0xD0E, 0xD10, 0x005B0001),
    (0xD12, 0xD14, 0x005B0001),
    (0xD15, 0xD3A, 0x005B0401),
    (0xD3B, 0xD3C, 0x605B3100),
    (0xD3D, 0xD3D, 0x005B0001),
    (0xD3E, 0xD3E, 0x605B3101),
    (0xD3F, 0xD40, 0x405B2101),
    (0xD41, 0xD44, 0x405B3101),
    (0xD46, 0xD47, 0x605B2101),
    (0xD48, 0xD48, 0x405B2101),
    (0xD4A, 0xD4C, 0x605B2101),
    (0xD4D, 0xD4D, 0x605B3900),
    (0xD4E, 0xD4E, 0x005B0201),
    (0xD4F, 0xD4F, 0x005B8000),
    (0xD54, 0xD56, 0x005B0001),
    (0xD57, 0xD57, 0x605B3101),
    (0xD58, 0xD5E, 0x005B0010),
    (0xD5F, 0xD61, 0x005B0001),
    (0xD62, 0xD63, 0x405B3101),
    (0xD66, 0xD6F, 0x005B0030),
    (0xD70, 0xD78, 0x005B0010),
    (0xD79, 0xD79, 0x005B8000),
    (0xD7A, 0xD7F, 0x005B0001),
    (0xD81, 0xD81, 0x40863101),
    (0xD82, 0xD83, 0x40862101),
    (0xD85, 0xD96, 0x00860001),
    (0xD9A, 0xDB1, 0x00860001),
    (0xDB3, 0xDBB, 0x00860001),
    (0xDBD, 0xDBD, 0x00860001),
    (0xDC0, 0xDC6, 0x00860001),
    (0xDCA, 0xDCA, 0x60863100),
    (0xDCF, 0xDCF, 0x60863101),
    (0xDD0, 0xDD1, 0x40862101),
    (0xDD2, 0xDD4, 0x40863101),
    (0xDD6, 0xDD6, 0x40863101),
    (0xDD8, 0xDD8, 0x40862101),
    (0xDD9, 0xDDA, 0x60862101),
    (0xDDB, 0xDDB, 0x40862101),
    (0xDDC, 0xDDE, 0x60862101),
    (0xDDF, 0xDDF, 0x60863101),
    (0xDE6, 0xDEF, 0x00860030),
    (0xDF2, 0xDF3, 0x40862101),
    (0xDF4, 0xDF4, 0x01864000),
    (0xE01, 0xE30, 0x009B0001),
    (0xE31, 0xE31, 0x409B3101),
    (0xE32, 0xE32, 0x009B0001),
    (0xE33, 0xE33, 0x009B0101),
    (0xE34, 0xE37, 0x409B3101),
    (0xE38, 0xE3A, 0x609B3101),
    (0xE3F, 0xE3F, 0x00008000),
    (0xE40, 0xE46, 0x009B0001),
    (0xE47, 0xE47, 0x409B3100),
    (0xE48, 0xE4B, 0x609B3100),
    (0xE4C, 0xE4C, 0x409B3100),
    (0xE4D, 0xE4D, 0x409B3101),
    (0xE4E, 0xE4E, 0x409B3100),
    (0xE4F, 0xE4F, 0x019B4000),
    (0xE50, 0xE59, 0x009B0030),
    (0xE5A, 0xE5B, 0x019B4000),
    (0xE81, 0xE82, 0x00490001),
    (0xE84, 0xE84, 0x00490001),
    (0xE86, 0xE8A, 0x00490001),
    (0xE8C, 0xEA3, 0x00490001),
    (0xEA5, 0xEA5, 0x00490001),
    (0xEA7, 0xEB0, 0x00490001),
    (0xEB1, 0xEB1, 0x40493101),
    (0xEB2, 0xEB2, 0x00490001),
    (0xEB3, 0xEB3, 0x00490101),
    (0xEB4, 0xEB7, 0x40493101),
    (0xEB8, 0xEB9, 0x60493101),
    (0xEBA, 0xEBA, 0x60493100),
    (0xEBB, 0xEBC, 0x40493101),
    (0xEBD, 0xEBD, 0x00490001),
    (0xEC0, 0xEC4, 0x00490001),
    (0xEC6, 0xEC6, 0x00490001),
    (0xEC8, 0xECB, 0x60493100),
    (0xECC, 0xECC, 0x40493100),
    (0xECD, 0xECD, 0x40493101),
    (0xECE, 0xECE, 0x40493100),
    (0xED0, 0xED9, 0x00490030),
    (0xEDC, 0xEDF, 0x00490001),
    (0xF00, 0xF00, 0x009C0001),
    (0xF01, 0xF03, 0x009C8000),
    (0xF04, 0xF12, 0x019C4000),
    (0xF13, 0xF13, 0x009C8000),
    (0xF14, 0xF14, 0x019C4000),
    (0xF15, 0xF17, 0x009C8000),
    (0xF18, 0xF19, 0x609C3100),
    (0xF1A, 0xF1F, 0x009C8000),
    (0xF20, 0xF29, 0x009C0030),
    (0xF2A, 0xF33, 0x009C0010),
    (0xF34, 0xF34, 0x009C8000),
    (0xF35, 0xF35, 0x609C3100),
    (0xF36, 0xF36, 0x009C8000),
    (0xF37, 0xF37, 0x609C3100),
    (0xF38, 0xF38, 0x009C8000),
    (0xF39, 0xF39, 0x609C3100),
    (0xF3A, 0xF3D, 0x009C4000),
    (0xF3E, 0xF3F, 0x409C2100),
    (0xF40, 0xF40, 0x209C0001),
    (0xF41, 0xF41, 0x009C0001),
    (0xF42, 0xF43, 0x209C0001),
    (0xF44, 0xF47, 0x009C0001),
    (0xF49, 0xF4B, 0x009C0001),
    (0xF4C, 0xF4D, 0x209C0001),
    (0xF4E, 0xF50, 0x009C0001),
    (0xF51, 0xF52, 0x209C0001),
    (0xF53, 0xF55, 0x009C0001),
    (0xF56, 0xF57, 0x209C0001),
    (0xF58, 0xF5A, 0x009C0001),
    (0xF5B, 0xF5C, 0x209C0001),
    (0xF5D, 0xF68, 0x009C0001),
    (0xF69, 0xF69, 0x209C0001),
    (0xF6A, 0xF6C, 0x009C0001),
    (0xF71, 0xF76, 0x609C3101),
    (0xF77, 0xF77, 0x409C3101),
    (0xF78, 0xF78, 0x609C3101),
    (0xF79, 0xF79, 0x409C3101),
    (0xF7A, 0xF7D, 0x609C3101),
    (0xF7E, 0xF7E, 0x409C3101),
    (0xF7F, 0xF7F, 0x409C2101),
    (0xF80, 0xF83, 0x609C3101),
    (0xF84, 0xF84, 0x609C3100),
    (0xF85, 0xF85, 0x019C4000),
    (0xF86, 0xF87, 0x609C3100),
    (0xF88, 0xF8C, 0x009C0001),
    (0xF8D, 0xF8F, 0x409C3101),
    (0xF90, 0xF90, 0x609C3101),
    (0xF91, 0xF91, 0x409C3101),
    (0xF92, 0xF93, 0x609C3101),
    (0xF94, 0xF97, 0x409C3101),
    (0xF99, 0xF9B, 0x409C3101),
    (0xF9C, 0xF9D, 0x609C3101),
    (0xF9E, 0xFA0, 0x409C3101),
    (0xFA1, 0xFA2, 0x609C3101),
    (0xFA3, 0xFA5, 0x409C3101),
    (0xFA6, 0xFA7, 0x609C3101),
    (0xFA8, 0xFAA, 0x409C3101),
    (0xFAB, 0xFAC, 0x609C3101),
    (0xFAD, 0xFB4, 0x409C3101),
    (0xFB5, 0xFB5, 0x609C3101),
    (0xFB6, 0xFB6, 0x409C3101),
    (0xFB7, 0xFB7, 0x609C3101),
    (0xFB8, 0xFB8, 0x409C3101),
    (0xFB9, 0xFB9, 0x609C3101),
    (0xFBA, 0xFBC, 0x409C3101),
    (0xFBE, 0xFC5, 0x009C8000),
    (0xFC6, 0xFC6, 0x609C3100),
    (0xFC7, 0xFCC, 0x009C8000),
    (0xFCE, 0xFCF, 0x009C8000),
    (0xFD0, 0xFD4, 0x019C4000),
    (0xFD5, 0xFD8, 0x00008000),
    (0xFD9, 0xFDA, 0x019C4000),
    (0x1000, 0x1024, 0x00610401),
    (0x1025, 0x1026, 0x20610401),
    (0x1027, 0x102A, 0x00610401),
    (0x102B, 0x102C, 0x40612001),
    (0x102D, 0x102D, 0x40613101),
    (0x102E, 0x102E, 0x60613101),
    (0x102F, 0x1030, 0x40613101),
    (0x1031, 0x1031, 0x40612101),
    (0x1032, 0x1036, 0x40613101),
    (0x1037, 0x1037, 0x60613100),
    (0x1038, 0x1038, 0x40612001),
    (0x1039, 0x1039, 0x60613900),
    (0x103A, 0x103A, 0x60613100),
    (0x103B, 0x103C, 0x40612101),
    (0x103D, 0x103E, 0x40613101),
    (0x103F, 0x103F, 0x00610401),
    (0x1040, 0x1049, 0x00610030),
    (0x104A, 0x104B, 0x01614080),
    (0x104C, 0x104F, 0x01614000),
    (0x1050, 0x1055, 0x00610401),
    (0x1056, 0x1057, 0x40612101),
    (0x1058, 0x1059, 0x40613101),
    (0x105A, 0x105D, 0x00610401),
    (0x105E, 0x1060, 0x40613101),
    (0x1061, 0x1061, 0x00610401),
    (0x1062, 0x1064, 0x40612001),
    (0x1065, 0x1066, 0x00610401),
    (0x1067, 0x106D, 0x40612001),
    (0x106E, 0x1070, 0x00610401),
    (0x1071, 0x1074, 0x40613101),
    (0x1075, 0x1081, 0x00610401),
    (0x1082, 0x1082, 0x40613101),
    (0x1083, 0x1083, 0x40612001),
    (0x1084, 0x1084, 0x40612101),
    (0x1085, 0x1086, 0x40613101),
    (0x1087, 0x108C, 0x40612001),
    (0x108D, 0x108D, 0x60613101),
    (0x108E, 0x108E, 0x00610401),
    (0x108F, 0x108F, 0x40612001),
    (0x1090, 0x1099, 0x00610030),
    (0x109A, 0x109C, 0x40612001),
    (0x109D, 0x109D, 0x40613101),
    (0x109E, 0x109F, 0x00618000),
    (0x10A0, 0x10C5, 0x00280005),
    (0x10C7, 0x10C7, 0x00280005),
    (0x10CD, 0x10CD, 0x00280005),
    (0x10D0, 0x10FA, 0x00280003),
    (0x10FB, 0x10FB, 0x01004000),
    (0x10FC, 0x10FF, 0x00280003),
    (0x1100, 0x1112, 0x20320201),
    (0x1113, 0x1160, 0x00320201),
    (0x1161, 0x1175, 0x20320201),
    (0x1176, 0x11A7, 0x00320201),
    (0x11A8, 0x11C2, 0x20320201),
    (0x11C3, 0x11FF, 0x00320201),
    (0x1200, 0x1248, 0x00260001),
    (0x124A, 0x124D, 0x00260001),
    (0x1250, 0x1256, 0x00260001),
    (0x1258, 0x1258, 0x00260001),
    (0x125A, 0x125D, 0x00260001),
    (0x1260, 0x1288, 0x00260001),
    (0x128A, 0x128D, 0x00260001),
    (0x1290, 0x12B0, 0x00260001),
    (0x12B2, 0x12B5, 0x00260001),
    (0x12B8, 0x12BE, 0x00260001),
    (0x12C0, 0x12C0, 0x00260001),
    (0x12C2, 0x12C5, 0x00260001),
    (0x12C8, 0x12D6, 0x00260001),
    (0x12D8, 0x1310, 0x00260001),
    (0x1312, 0x1315, 0x00260001),
    (0x1318, 0x135A, 0x00260001),
    (0x135D, 0x135F, 0x60263100),
    (0x1360, 0x1361, 0x01264000),
    (0x1362, 0x1362, 0x01264080),
    (0x1363, 0x1366, 0x01264000),
    (0x1367, 0x1368, 0x01264080),
    (0x1369, 0x137C, 0x00260010),
    (0x1380, 0x138F, 0x00260001),
    (0x1390, 0x1399, 0x00268000),
    (0x13A0, 0x13F5, 0x00180005),
    (0x13F8, 0x13FD, 0x00180003),
    (0x1400, 0x1400, 0x00154000),
    (0x1401, 0x166C, 0x00150001),
    (0x166D, 0x166D, 0x00158000),
    (0x166E, 0x166E, 0x01154080),
    (0x166F, 0x167F, 0x00150001),
    (0x1680, 0x1680, 0x00690008),
    (0x1681, 0x169A, 0x00690001),
    (0x169B, 0x169C, 0x00694000),
    (0x16A0, 0x16EA, 0x007C0001),
    (0x16EB, 0x16ED, 0x01004000),
    (0x16EE, 0x16F0, 0x007C0011),
    (0x16F1, 0x16F8, 0x007C0001),
    (0x1700, 0x1711, 0x00990001),
    (0x1712, 0x1713, 0x40993101),
    (0x1714, 0x1715, 0x60993100),
    (0x171F, 0x171F, 0x00990001),
    (0x1720, 0x1731, 0x00340001),
    (0x1732, 0x1733, 0x40343101),
    (0x1734, 0x1734, 0x60343100),
    (0x1735, 0x1736, 0x01004080),
    (0x1740, 0x1751, 0x00130001),
    (0x1752, 0x1753, 0x40133101),
    (0x1760, 0x176C, 0x008F0001),
    (0x176E, 0x1770, 0x008F0001),
    (0x1772, 0x1773, 0x408F3101),
    (0x1780, 0x17B3, 0x00420401),
    (0x17B4, 0x17B5, 0x40423100),
    (0x17B6, 0x17B6, 0x40422101),
    (0x17B7, 0x17BD, 0x40423101),
    (0x17BE, 0x17C5, 0x40422101),
    (0x17C6, 0x17C6, 0x40423101),
    (0x17C7, 0x17C8, 0x40422101),
    (0x17C9, 0x17D1, 0x40423100),
    (0x17D2, 0x17D2, 0x60423900),
    (0x17D3, 0x17D3, 0x40423100),
    (0x17D4, 0x17D5, 0x01424080),
    (0x17D6, 0x17D6, 0x01424000),
    (0x17D7, 0x17D7, 0x00420001),
    (0x17D8, 0x17DA, 0x01424000),
    (0x17DB, 0x17DB, 0x00428000),
    (0x17DC, 0x17DC, 0x00420001),
    (0x17DD, 0x17DD, 0x60423100),
    (0x17E0, 0x17E9, 0x00420030),
    (0x17F0, 0x17F9, 0x00420010),
    (0x1800, 0x1801, 0x015D4000),
    (0x1802, 0x1802, 0x01004000),
    (0x1803, 0x1803, 0x01004080),
    (0x1804, 0x1804, 0x015D4000),
    (0x1805, 0x1805, 0x01004000),
    (0x1806, 0x1806, 0x005D4000),
    (0x1807, 0x1808, 0x015D4000),
    (0x1809, 0x1809, 0x015D4080),
    (0x180A, 0x180A, 0x015D4000),
    (0x180B, 0x180D, 0x405D3100),
    (0x180E, 0x180E, 0x005D0200),
    (0x180F, 0x180F, 0x405D3100),
    (0x1810, 0x1819, 0x005D0030),
    (0x1820, 0x1878, 0x005D0001),
    (0x1880, 0x1884, 0x005D0001),
    (0x1885, 0x1886, 0x405D3101),
    (0x1887, 0x18A8, 0x005D0001),
    (0x18A9, 0x18A9, 0x605D3101),
    (0x18AA, 0x18AA, 0x005D0001),
    (0x18B0, 0x18F5, 0x00150001),
    (0x1900, 0x191E, 0x004C0001),
    (0x1920, 0x1922, 0x404C3101),
    (0x1923, 0x1926, 0x404C2101),
    (0x1927, 0x1928, 0x404C3101),
    (0x1929, 0x192B, 0x404C2101),
    (0x1930, 0x1931, 0x404C2101),
    (0x1932, 0x1932, 0x404C3101),
    (0x1933, 0x1938, 0x404C2101),
    (0x1939, 0x193B, 0x604C3100),
    (0x1940, 0x1940, 0x004C8000),
    (0x1944, 0x1945, 0x014C4080),
    (0x1946, 0x194F, 0x004C0030),
    (0x1950, 0x196D, 0x00910001),
    (0x1970, 0x1974, 0x00910001),
    (0x1980, 0x19AB, 0x00920001),
    (0x19B0, 0x19C9, 0x00920001),
    (0x19D0, 0x19D9, 0x00920030),
    (0x19DA, 0x19DA, 0x00920010),
    (0x19DE, 0x19DF, 0x00928000),
    (0x19E0, 0x19FF, 0x00428000),
    (0x1A00, 0x1A16, 0x00120001),
    (0x1A17, 0x1A18, 0x60123101),
    (0x1A19, 0x1A1A, 0x40122101),
    (0x1A1B, 0x1A1B, 0x40123101),
    (0x1A1E, 0x1A1F, 0x01124000),
    (0x1A20, 0x1A54, 0x00480401),
    (0x1A55, 0x1A55, 0x40482101),
    (0x1A56, 0x1A56, 0x40483101),
    (0x1A57, 0x1A57, 0x40482101),
    (0x1A58, 0x1A5E, 0x40483101),
    (0x1A60, 0x1A60, 0x60483900),
    (0x1A61, 0x1A61, 0x40482001),
    (0x1A62, 0x1A62, 0x40483101),
    (0x1A63, 0x1A64, 0x40482001),
    (0x1A65, 0x1A6C, 0x40483101),
    (0x1A6D, 0x1A72, 0x40482101),
    (0x1A73, 0x1A74, 0x40483101),
    (0x1A75, 0x1A7C, 0x60483100),
    (0x1A7F, 0x1A7F, 0x60483100),
    (0x1A80, 0x1A89, 0x00480030),
    (0x1A90, 0x1A99, 0x00480030),
    (0x1AA0, 0x1AA6, 0x01484000),
    (0x1AA7, 0x1AA7, 0x00480001),
    (0x1AA8, 0x1AAB, 0x01484080),
    (0x1AAC, 0x1AAD, 0x01484000),
    (0x1AB0, 0x1ABD, 0x60003100),
    (0x1ABE, 0x1ABE, 0x40003100),
    (0x1ABF, 0x1AC0, 0x60003101),
    (0x1AC1, 0x1ACB, 0x60003100),
    (0x1ACC, 0x1ACE, 0x60003101),
    (0x1ACF, 0x1ADD, 0x60003100),
    (0x1AE0, 0x1AEB, 0x60003100),
    (0x1B00, 0x1B03, 0x40083101),
    (0x1B04, 0x1B04, 0x40082101),
    (0x1B05, 0x1B0A, 0x20080001),
    (0x1B0B, 0x1B0C, 0x20080401),
    (0x1B0D, 0x1B0E, 0x20080001),
    (0x1B0F, 0x1B10, 0x00080001),
    (0x1B11, 0x1B12, 0x20080001),
    (0x1B13, 0x1B33, 0x00080401),
    (0x1B34, 0x1B34, 0x60083100),
    (0x1B35, 0x1B35, 0x60083101),
    (0x1B36, 0x1B39, 0x40083101),
    (0x1B3A, 0x1B3D, 0x60083101),
    (0x1B3E, 0x1B41, 0x60082101),
    (0x1B42, 0x1B43, 0x60083101),
    (0x1B44, 0x1B44, 0x60083900),
    (0x1B45, 0x1B4C, 0x00080401),
    (0x1B4E, 0x1B4F, 0x01084080),
    (0x1B50, 0x1B59, 0x00080030),
    (0x1B5A, 0x1B5B, 0x01084080),
    (0x1B5C, 0x1B5D, 0x01084000),
    (0x1B5E, 0x1B5F, 0x01084080),
    (0x1B60, 0x1B60, 0x01084000),
    (0x1B61, 0x1B6A, 0x00088000),
    (0x1B6B, 0x1B73, 0x60083100),
    (0x1B74, 0x1B7C, 0x00088000),
    (0x1B7D, 0x1B7F, 0x01084080),
    (0x1B80, 0x1B81, 0x408B3101),
    (0x1B82, 0x1B82, 0x408B2101),
    (0x1B83, 0x1BA0, 0x008B0401),
    (0x1BA1, 0x1BA1, 0x408B2101),
    (0x1BA2, 0x1BA5, 0x408B3101),
    (0x1BA6, 0x1BA7, 0x408B2101),
    (0x1BA8, 0x1BA9, 0x408B3101),
    (0x1BAA, 0x1BAA, 0x608B3100),
    (0x1BAB, 0x1BAB, 0x608B3900),
    (0x1BAC, 0x1BAD, 0x408B3101),
    (0x1BAE, 0x1BAF, 0x008B0401),
    (0x1BB0, 0x1BB9, 0x008B0030),
    (0x1BBA, 0x1BBA, 0x008B0001),
    (0x1BBB, 0x1BBD, 0x008B0401),
    (0x1BBE, 0x1BBF, 0x008B0001),
    (0x1BC0, 0x1BE5, 0x000B0001),
    (0x1BE6, 0x1BE6, 0x600B3100),
    (0x1BE7, 0x1BE7, 0x400B2101),
    (0x1BE8, 0x1BE9, 0x400B3101),
    (0x1BEA, 0x1BEC, 0x400B2101),
    (0x1BED, 0x1BED, 0x400B3101),
    (0x1BEE, 0x1BEE, 0x400B2101),
    (0x1BEF, 0x1BF1, 0x400B3101),
    (0x1BF2, 0x1BF3, 0x600B3100),
    (0x1BFC, 0x1BFF, 0x010B4000),
    (0x1C00, 0x1C23, 0x004B0001),
    (0x1C24, 0x1C2B, 0x404B2101),
    (0x1C2C, 0x1C33, 0x404B3101),
    (0x1C34, 0x1C35, 0x404B2101),
    (0x1C36, 0x1C36, 0x404B3101),
    (0x1C37, 0x1C37, 0x604B3100),
    (0x1C3B, 0x1C3C, 0x014B4080),
    (0x1C3D, 0x1C3F, 0x014B4000),
    (0x1C40, 0x1C49, 0x004B0030),
    (0x1C4D, 0x1C4F, 0x004B0001),
    (0x1C50, 0x1C59, 0x006A0030),
    (0x1C5A, 0x1C7D, 0x006A0001),
    (0x1C7E, 0x1C7F, 0x016A4080),
    (0x1C80, 0x1C88, 0x001D0003),
    (0x1C89, 0x1C89, 0x001D0005),
    (0x1C8A, 0x1C8A, 0x001D0003),
    (0x1C90, 0x1CBA, 0x00280005),
    (0x1CBD, 0x1CBF, 0x00280005),
    (0x1CC0, 0x1CC7, 0x018B4000),
    (0x1CD0, 0x1CD2, 0x60003100),
    (0x1CD3, 0x1CD3, 0x01004000),
    (0x1CD4, 0x1CE0, 0x60003100),
    (0x1CE1, 0x1CE1, 0x40002100),
    (0x1CE2, 0x1CE8, 0x60003100),
    (0x1CE9, 0x1CEC, 0x00000001),
    (0x1CED, 0x1CED, 0x60003100),
    (0x1CEE, 0x1CF3, 0x00000001),
    (0x1CF4, 0x1CF4, 0x60003100),
    (0x1CF5, 0x1CF6, 0x00000001),
    (0x1CF7, 0x1CF7, 0x40002100),
    (0x1CF8, 0x1CF9, 0x60003100),
    (0x1CFA, 0x1CFA, 0x00000001),
    (0x1D00, 0x1D25, 0x004A0003),
    (0x1D26, 0x1D2A, 0x002E0003),
    (0x1D2B, 0x1D2B, 0x001D0003),
    (0x1D2C, 0x1D5C, 0x004A0003),
    (0x1D5D, 0x1D61, 0x002E0003),
    (0x1D62, 0x1D65, 0x004A0003),
    (0x1D66, 0x1D6A, 0x002E0003),
    (0x1D6B, 0x1D77, 0x004A0003),
    (0x1D78, 0x1D78, 0x001D0003),
    (0x1D79, 0x1DBE, 0x004A0003),
    (0x1DBF, 0x1DBF, 0x002E0003),
    (0x1DC0, 0x1DD2, 0x60003100),
    (0x1DD3, 0x1DF4, 0x60003101),
    (0x1DF5, 0x1DFF, 0x60003100),
    (0x1E00, 0x1E00, 0x204A0005),
    (0x1E01, 0x1E01, 0x204A0003),
    (0x1E02, 0x1E02, 0x204A0005),
    (0x1E03, 0x1E03, 0x204A0003),
    (0x1E04, 0x1E04, 0x204A0005),
    (0x1E05, 0x1E05, 0x204A0003),
    (0x1E06, 0x1E06, 0x204A0005),
    (0x1E07, 0x1E07, 0x204A0003),
    (0x1E08, 0x1E08, 0x204A0005),
    (0x1E09, 0x1E09, 0x204A0003),
    (0x1E0A, 0x1E0A, 0x204A0005),
    (0x1E0B, 0x1E0B, 0x204A0003),
    (0x1E0C, 0x1E0C, 0x204A0005),
    (0x1E0D, 0x1E0D, 0x204A0003),
    (0x1E0E, 0x1E0E, 0x204A0005),
    (0x1E0F, 0x1E0F, 0x204A0003),
    (0x1E10, 0x1E10, 0x204A0005),
    (0x1E11, 0x1E11, 0x204A0003),
    (0x1E12, 0x1E12, 0x204A0005),
    (0x1E13, 0x1E13, 0x204A0003),
    (0x1E14, 0x1E14, 0x204A0005),
    (0x1E15, 0x1E15, 0x204A0003),
    (0x1E16, 0x1E16, 0x204A0005),
    (0x1E17, 0x1E17, 0x204A0003),
    (0x1E18, 0x1E18, 0x204A0005),
    (0x1E19, 0x1E19, 0x204A0003),
    (0x1E1A, 0x1E1A, 0x204A0005),
    (0x1E1B, 0x1E1B, 0x204A0003),
    (0x1E1C, 0x1E1C, 0x204A0005),
    (0x1E1D, 0x1E1D, 0x204A0003),
    (0x1E1E, 0x1E1E, 0x204A0005),
    (0x1E1F, 0x1E1F, 0x204A0003),
    (0x1E20, 0x1E20, 0x204A0005),
    (0x1E21, 0x1E21, 0x204A0003),
    (0x1E22, 0x1E22, 0x204A0005),
    (0x1E23, 0x1E23, 0x204A0003),
    (0x1E24, 0x1E24, 0x204A0005),
    (0x1E25, 0x1E25, 0x204A0003),
    (0x1E26, 0x1E26, 0x204A0005),
    (0x1E27, 0x1E27, 0x204A0003),
    (0x1E28, 0x1E28, 0x204A0005),
    (0x1E29, 0x1E29, 0x204A0003),
    (0x1E2A, 0x1E2A, 0x204A0005),
    (0x1E2B, 0x1E2B, 0x204A0003),
    (0x1E2C, 0x1E2C, 0x204A0005),
    (0x1E2D, 0x1E2D, 0x204A0003),
    (0x1E2E, 0x1E2E, 0x204A0005),
    (0x1E2F, 0x1E2F, 0x204A0003),
    (0x1E30, 0x1E30, 0x204A0005),
    (0x1E31, 0x1E31, 0x204A0003),
    (0x1E32, 0x1E32, 0x204A0005),
    (0x1E33, 0x1E33, 0x204A0003),
    (0x1E34, 0x1E34, 0x204A0005),
    (0x1E35, 0x1E35, 0x204A0003),
    (0x1E36, 0x1E36, 0x204A0005),
    (0x1E37, 0x1E37, 0x204A0003),
    (0x1E38, 0x1E38, 0x204A0005),
    (0x1E39, 0x1E39, 0x204A0003),
    (0x1E3A, 0x1E3A, 0x204A0005),
    (0x1E3B, 0x1E3B, 0x204A0003),
    (0x1E3C, 0x1E3C, 0x204A0005),
    (0x1E3D, 0x1E3D, 0x204A0003),
    (0x1E3E, 0x1E3E, 0x204A0005),
    (0x1E3F, 0x1E3F, 0x204A0003),
    (0x1E40, 0x1E40, 0x204A0005),
    (0x1E41, 0x1E41, 0x204A0003),
    (0x1E42, 0x1E42, 0x204A0005),
    (0x1E43, 0x1E43, 0x204A0003),
    (0x1E44, 0x1E44, 0x204A0005),
    (0x1E45, 0x1E45, 0x204A0003),
    (0x1E46, 0x1E46, 0x204A0005),
    (0x1E47, 0x1E47, 0x204A0003),
    (0x1E48, 0x1E48, 0x204A0005),
    (0x1E49, 0x1E49, 0x204A0003),
    (0x1E4A, 0x1E4A, 0x204A0005),
    (0x1E4B, 0x1E4B, 0x204A0003),
    (0x1E4C, 0x1E4C, 0x204A0005),
    (0x1E4D, 0x1E4D, 0x204A0003),
    (0x1E4E, 0x1E4E, 0x204A0005),
    (0x1E4F, 0x1E4F, 0x204A0003),
    (0x1E50, 0x1E50, 0x204A0005),
    (0x1E51, 0x1E51, 0x204A0003),
    (0x1E52, 0x1E52, 0x204A0005),
    (0x1E53, 0x1E53, 0x204A0003),
    (0x1E54, 0x1E54, 0x204A0005),
    (0x1E55, 0x1E55, 0x204A0003),
    (0x1E56, 0x1E56, 0x204A0005),
    (0x1E57, 0x1E57, 0x204A0003),
    (0x1E58, 0x1E58, 0x204A0005),
    (0x1E59, 0x1E59, 0x204A0003),
    (0x1E5A, 0x1E5A, 0x204A0005),
    (0x1E5B, 0x1E5B, 0x204A0003),
    (0x1E5C, 0x1E5C, 0x204A0005),
    (0x1E5D, 0x1E5D, 0x204A0003),
    (0x1E5E, 0x1E5E, 0x204A0005),
    (0x1E5F, 0x1E5F, 0x204A0003),
    (0x1E60, 0x1E60, 0x204A0005),
    (0x1E61, 0x1E61, 0x204A0003),
    (0x1E62, 0x1E62, 0x204A0005),
    (0x1E63, 0x1E63, 0x204A0003),
    (0x1E64, 0x1E64, 0x204A0005),
    (0x1E65, 0x1E65, 0x204A0003),
    (0x1E66, 0x1E66, 0x204A0005),
    (0x1E67, 0x1E67, 0x204A0003),
    (0x1E68, 0x1E68, 0x204A0005),
    (0x1E69, 0x1E69, 0x204A0003),
    (0x1E6A, 0x1E6A, 0x204A0005),
    (0x1E6B, 0x1E6B, 0x204A0003),
    (0x1E6C, 0x1E6C, 0x204A0005),
    (0x1E6D, 0x1E6D, 0x204A0003),
    (0x1E6E, 0x1E6E, 0x204A0005),
    (0x1E6F, 0x1E6F, 0x204A0003),
    (0x1E70, 0x1E70, 0x204A0005),
    (0x1E71, 0x1E71, 0x204A0003),
    (0x1E72, 0x1E72, 0x204A0005),
    (0x1E73, 0x1E73, 0x204A0003),
    (0x1E74, 0x1E74, 0x204A0005),
    (0x1E75, 0x1E75, 0x204A0003),
    (0x1E76, 0x1E76, 0x204A0005),
    (0x1E77, 0x1E77, 0x204A0003),
    (0x1E78, 0x1E78, 0x204A0005),
    (0x1E79, 0x1E79, 0x204A0003),
    (0x1E7A, 0x1E7A, 0x204A0005),
    (0x1E7B, 0x1E7B, 0x204A0003),
    (0x1E7C, 0x1E7C, 0x204A0005),
    (0x1E7D, 0x1E7D, 0x204A0003),
    (0x1E7E, 0x1E7E, 0x204A0005),
    (0x1E7F, 0x1E7F, 0x204A0003),
    (0x1E80, 0x1E80, 0x204A0005),
    (0x1E81, 0x1E81, 0x204A0003),
    (0x1E82, 0x1E82, 0x204A0005),
    (0x1E83, 0x1E83, 0x204A0003),
    (0x1E84, 0x1E84, 0x204A0005),
    (0x1E85, 0x1E85, 0x204A0003),
    (0x1E86, 0x1E86, 0x204A0005),
    (0x1E87, 0x1E87, 0x204A0003),
    (0x1E88, 0x1E88, 0x204A0005),
    (0x1E89, 0x1E89, 0x204A0003),
    (0x1E8A, 0x1E8A, 0x204A0005),
    (0x1E8B, 0x1E8B, 0x204A0003),
    (0x1E8C, 0x1E8C, 0x204A0005),
    (0x1E8D, 0x1E8D, 0x204A0003),
    (0x1E8E, 0x1E8E, 0x204A0005),
    (0x1E8F, 0x1E8F, 0x204A0003),
    (0x1E90, 0x1E90, 0x204A0005),
    (0x1E91, 0x1E91, 0x204A0003),
    (0x1E92, 0x1E92, 0x204A0005),
    (0x1E93, 0x1E93, 0x204A0003),
    (0x1E94, 0x1E94, 0x204A0005),
    (0x1E95, 0x1E99, 0x204A0003),
    (0x1E9A, 0x1E9A, 0x004A0003),
    (0x1E9B, 0x1E9B, 0x204A0003),
    (0x1E9C, 0x1E9D, 0x004A0003),
    (0x1E9E, 0x1E9E, 0x004A0005),
    (0x1E9F, 0x1E9F, 0x004A0003),
    (0x1EA0, 0x1EA0, 0x204A0005),
    (0x1EA1, 0x1EA1, 0x204A0003),
    (0x1EA2, 0x1EA2, 0x204A0005),
    (0x1EA3, 0x1EA3, 0x204A0003),
    (0x1EA4, 0x1EA4, 0x204A0005),
    (0x1EA5, 0x1EA5, 0x204A0003),
    (0x1EA6, 0x1EA6, 0x204A0005),
    (0x1EA7, 0x1EA7, 0x204A0003),
    (0x1EA8, 0x1EA8, 0x204A0005),
    (0x1EA9, 0x1EA9, 0x204A0003),
    (0x1EAA, 0x1EAA, 0x204A0005),
    (0x1EAB, 0x1EAB, 0x204A0003),
    (0x1EAC, 0x1EAC, 0x204A0005),
    (0x1EAD, 0x1EAD, 0x204A0003),
    (0x1EAE, 0x1EAE, 0x204A0005),
    (0x1EAF, 0x1EAF, 0x204A0003),
    (0x1EB0, 0x1EB0, 0x204A0005),
    (0x1EB1, 0x1EB1, 0x204A0003),
    (0x1EB2, 0x1EB2, 0x204A0005),
    (0x1EB3, 0x1EB3, 0x204A0003),
    (0x1EB4, 0x1EB4, 0x204A0005),
    (0x1EB5, 0x1EB5, 0x204A0003),
    (0x1EB6, 0x1EB6, 0x204A0005),
    (0x1EB7, 0x1EB7, 0x204A0003),
    (0x1EB8, 0x1EB8, 0x204A0005),
    (0x1EB9, 0x1EB9, 0x204A0003),
    (0x1EBA, 0x1EBA, 0x204A0005),
    (0x1EBB, 0x1EBB, 0x204A0003),
    (0x1EBC, 0x1EBC, 0x204A0005),
    (0x1EBD, 0x1EBD, 0x204A0003),
    (0x1EBE, 0x1EBE, 0x204A0005),
    (0x1EBF, 0x1EBF, 0x204A0003),
    (0x1EC0, 0x1EC0, 0x204A0005),
    (0x1EC1, 0x1EC1, 0x204A0003),
    (0x1EC2, 0x1EC2, 0x204A0005),
    (0x1EC3, 0x1EC3, 0x204A0003),
    (0x1EC4, 0x1EC4, 0x204A0005),
    (0x1EC5, 0x1EC5, 0x204A0003),
    (0x1EC6, 0x1EC6, 0x204A0005),
    (0x1EC7, 0x1EC7, 0x204A0003),
    (0x1EC8, 0x1EC8, 0x204A0005),
    (0x1EC9, 0x1EC9, 0x204A0003),
    (0x1ECA, 0x1ECA, 0x204A0005),
    (0x1ECB, 0x1ECB, 0x204A0003),
    (0x1ECC, 0x1ECC, 0x204A0005),
    (0x1ECD, 0x1ECD, 0x204A0003),
    (0x1ECE, 0x1ECE, 0x204A0005),
    (0x1ECF, 0x1ECF, 0x204A0003),
    (0x1ED0, 0x1ED0, 0x204A0005),
    (0x1ED1, 0x1ED1, 0x204A0003),
    (0x1ED2, 0x1ED2, 0x204A0005),
    (0x1ED3, 0x1ED3, 0x204A0003),
    (0x1ED4, 0x1ED4, 0x204A0005),
    (0x1ED5, 0x1ED5, 0x204A0003),
    (0x1ED6, 0x1ED6, 0x204A0005),
    (0x1ED7, 0x1ED7, 0x204A0003),
    (0x1ED8, 0x1ED8, 0x204A0005),
    (0x1ED9, 0x1ED9, 0x204A0003),
    (0x1EDA, 0x1EDA, 0x204A0005),
    (0x1EDB, 0x1EDB, 0x204A0003),
    (0x1EDC, 0x1EDC, 0x204A0005),
    (0x1EDD, 0x1EDD, 0x204A0003),
    (0x1EDE, 0x1EDE, 0x204A0005),
    (0x1EDF, 0x1EDF, 0x204A0003),
    (0x1EE0, 0x1EE0, 0x204A0005),
    (0x1EE1, 0x1EE1, 0x204A0003),
    (0x1EE2, 0x1EE2, 0x204A0005),
    (0x1EE3, 0x1EE3, 0x204A0003),
    (0x1EE4, 0x1EE4, 0x204A0005),
    (0x1EE5, 0x1EE5, 0x204A0003),
    (0x1EE6, 0x1EE6, 0x204A0005),
    (0x1EE7, 0x1EE7, 0x204A0003),
    (0x1EE8, 0x1EE8, 0x204A0005),
    (0x1EE9, 0x1EE9, 0x204A0003),
    (0x1EEA, 0x1EEA, 0x204A0005),
    (0x1EEB, 0x1EEB, 0x204A0003),
    (0x1EEC, 0x1EEC, 0x204A0005),
    (0x1EED, 0x1EED, 0x204A0003),
    (0x1EEE, 0x1EEE, 0x204A0005),
    (0x1EEF, 0x1EEF, 0x204A0003),
    (0x1EF0, 0x1EF0, 0x204A0005),
    (0x1EF1, 0x1EF1, 0x204A0003),
    (0x1EF2, 0x1EF2, 0x204A0005),
    (0x1EF3, 0x1EF3, 0x204A0003),
    (0x1EF4, 0x1EF4, 0x204A0005),
    (0x1EF5, 0x1EF5, 0x204A0003),
    (0x1EF6, 0x1EF6, 0x204A0005),
    (0x1EF7, 0x1EF7, 0x204A0003),
    (0x1EF8, 0x1EF8, 0x204A0005),
    (0x1EF9, 0x1EF9, 0x204A0003),
    (0x1EFA, 0x1EFA, 0x004A0005),
    (0x1EFB, 0x1EFB, 0x004A0003),
    (0x1EFC, 0x1EFC, 0x004A0005),
    (0x1EFD, 0x1EFD, 0x004A0003),
    (0x1EFE, 0x1EFE, 0x004A0005),
    (0x1EFF, 0x1EFF, 0x004A0003),
    (0x1F00, 0x1F07, 0x202E0003),
    (0x1F08, 0x1F0F, 0x202E0005),
    (0x1F10, 0x1F15, 0x202E0003),
    (0x1F18, 0x1F1D, 0x202E0005),
    (0x1F20, 0x1F27, 0x202E0003),
    (0x1F28, 0x1F2F, 0x202E0005),
    (0x1F30, 0x1F37, 0x202E0003),
    (0x1F38, 0x1F3F, 0x202E0005),
    (0x1F40, 0x1F45, 0x202E0003),
    (0x1F48, 0x1F4D, 0x202E0005),
    (0x1F50, 0x1F57, 0x202E0003),
    (0x1F59, 0x1F59, 0x202E0005),
    (0x1F5B, 0x1F5B, 0x202E0005),
    (0x1F5D, 0x1F5D, 0x202E0005),
    (0x1F5F, 0x1F5F, 0x202E0005),
    (0x1F60, 0x1F67, 0x202E0003),
    (0x1F68, 0x1F6F, 0x202E0005),
    (0x1F70, 0x1F7D, 0x202E0003),
    (0x1F80, 0x1F87, 0x202E0003),
    (0x1F88, 0x1F8F, 0x202E0001),
    (0x1F90, 0x1F97, 0x202E0003),
    (0x1F98, 0x1F9F, 0x202E0001),
    (0x1FA0, 0x1FA7, 0x202E0003),
    (0x1FA8, 0x1FAF, 0x202E0001),
    (0x1FB0, 0x1FB4, 0x202E0003),
    (0x1FB6, 0x1FB7, 0x202E0003),
    (0x1FB8, 0x1FBB, 0x202E0005),
    (0x1FBC, 0x1FBC, 0x202E0001),
    (0x1FBD, 0x1FBD, 0x002E8000),
    (0x1FBE, 0x1FBE, 0x202E0003),
    (0x1FBF, 0x1FC0, 0x002E8000),
    (0x1FC1, 0x1FC1, 0x202E8000),
    (0x1FC2, 0x1FC4, 0x202E0003),
    (0x1FC6, 0x1FC7, 0x202E0003),
    (0x1FC8, 0x1FCB, 0x202E0005),
    (0x1FCC, 0x1FCC, 0x202E0001),
    (0x1FCD, 0x1FCF, 0x202E8000),
    (0x1FD0, 0x1FD3, 0x202E0003),
    (0x1FD6, 0x1FD7, 0x202E0003),
    (0x1FD8, 0x1FDB, 0x202E0005),
    (0x1FDD, 0x1FDF, 0x202E8000),
    (0x1FE0, 0x1FE7, 0x202E0003),
    (0x1FE8, 0x1FEC, 0x202E0005),
    (0x1FED, 0x1FEF, 0x202E8000),
    (0x1FF2, 0x1FF4, 0x202E0003),
    (0x1FF6, 0x1FF7, 0x202E0003),
    (0x1FF8, 0x1FFB, 0x202E0005),
    (0x1FFC, 0x1FFC, 0x202E0001),
    (0x1FFD, 0x1FFD, 0x202E8000),
    (0x1FFE, 0x1FFE, 0x002E8000),
    (0x2000, 0x2003, 0x20000008),
    (0x2004, 0x200A, 0x00000008),
    (0x200B, 0x200B, 0x04000200),
    (0x200C, 0x200C, 0x44000100),
    (0x200D, 0x200D, 0x44001100),
    (0x200E, 0x200F, 0x04000200),
    (0x2010, 0x2015, 0x00004000),
    (0x2016, 0x2017, 0x01004000),
    (0x2018, 0x2019, 0x90004000),
    (0x201A, 0x201F, 0x10004000),
    (0x2020, 0x2023, 0x01004000),
    (0x2024, 0x2024, 0x81004080),
    (0x2025, 0x2026, 0x01004000),
    (0x2027, 0x2027, 0x81004000),
    (0x2028, 0x2029, 0x00000208),
    (0x202A, 0x202E, 0x04000200),
    (0x202F, 0x202F, 0x80000008),
    (0x2030, 0x2038, 0x01004000),
    (0x2039, 0x203A, 0x10004000),
    (0x203B, 0x203B, 0x01004000),
    (0x203C, 0x203C, 0x01004280),
    (0x203D, 0x203D, 0x01004080),
    (0x203E, 0x203E, 0x01004000),
    (0x203F, 0x2040, 0x80004000),
    (0x2041, 0x2043, 0x01004000),
    (0x2044, 0x2044, 0x80008000),
    (0x2045, 0x2046, 0x00004000),
    (0x2047, 0x2048, 0x01004080),
    (0x2049, 0x2049, 0x01004280),
    (0x204A, 0x2051, 0x01004000),
    (0x2052, 0x2052, 0x00008000),
    (0x2053, 0x2053, 0x01004000),
    (0x2054, 0x2054, 0x80004000),
    (0x2055, 0x205E, 0x01004000),
    (0x205F, 0x205F, 0x00000008),
    (0x2060, 0x206F, 0x04000200),
    (0x2070, 0x2070, 0x00000010),
    (0x2071, 0x2071, 0x004A0003),
    (0x2074, 0x2079, 0x00000010),
    (0x207A, 0x207C, 0x00008000),
    (0x207D, 0x207E, 0x00004000),
    (0x207F, 0x207F, 0x004A0003),
    (0x2080, 0x2089, 0x00000010),
    (0x208A, 0x208C, 0x00008000),
    (0x208D, 0x208E, 0x00004000),
    (0x2090, 0x209C, 0x004A0003),
    (0x20A0, 0x20C1, 0x00008000),
    (0x20D0, 0x20DC, 0x60003100),
    (0x20DD, 0x20E0, 0x40003100),
    (0x20E1, 0x20E1, 0x60003100),
    (0x20E2, 0x20E4, 0x40003100),
    (0x20E5, 0x20F0, 0x60003100),
    (0x2100, 0x2101, 0x00008000),
    (0x2102, 0x2102, 0x00000005),
    (0x2103, 0x2106, 0x00008000),
    (0x2107, 0x2107, 0x00000005),
    (0x2108, 0x2109, 0x00008000),
    (0x210A, 0x210A, 0x00000003),
    (0x210B, 0x210D, 0x00000005),
    (0x210E, 0x210F, 0x00000003),
    (0x2110, 0x2112, 0x00000005),
    (0x2113, 0x2113, 0x00000003),
    (0x2114, 0x2114, 0x00008000),
    (0x2115, 0x2115, 0x00000005),
    (0x2116, 0x2118, 0x00008000),
    (0x2119, 0x211D, 0x00000005),
    (0x211E, 0x2121, 0x00008000),
    (0x2122, 0x2122, 0x00008200),
    (0x2123, 0x2123, 0x00008000),
    (0x2124, 0x2124, 0x00000005),
    (0x2125, 0x2125, 0x00008000),
    (0x2126, 0x2126, 0x202E0005),
    (0x2127, 0x2127, 0x00008000),
    (0x2128, 0x2128, 0x00000005),
    (0x2129, 0x2129, 0x00008000),
    (0x212A, 0x212B, 0x204A0005),
    (0x212C, 0x212D, 0x00000005),
    (0x212E, 0x212E, 0x00008000),
    (0x212F, 0x212F, 0x00000003),
    (0x2130, 0x2131, 0x00000005),
    (0x2132, 0x2132, 0x004A0005),
    (0x2133, 0x2133, 0x00000005),
    (0x2134, 0x2134, 0x00000003),
    (0x2135, 0x2138, 0x00000001),
    (0x2139, 0x2139, 0x00000203),
    (0x213A, 0x213B, 0x00008000),
    (0x213C, 0x213D, 0x00000003),
    (0x213E, 0x213F, 0x00000005),
    (0x2140, 0x2144, 0x00008000),
    (0x2145, 0x2145, 0x00000005),
    (0x2146, 0x2149, 0x00000003),
    (0x214A, 0x214D, 0x00008000),
    (0x214E, 0x214E, 0x004A0003),
    (0x214F, 0x214F, 0x00008000),
    (0x2150, 0x215F, 0x00000010),
    (0x2160, 0x216F, 0x004A0015),
    (0x2170, 0x217F, 0x004A0013),
    (0x2180, 0x2182, 0x004A0011),
    (0x2183, 0x2183, 0x004A0005),
    (0x2184, 0x2184, 0x004A0003),
    (0x2185, 0x2188, 0x004A0011),
    (0x2189, 0x2189, 0x00000010),
    (0x218A, 0x218B, 0x00008000),
    (0x2190, 0x2193, 0x00008000),
    (0x2194, 0x2199, 0x00008200),
    (0x219A, 0x219B, 0x20008000),
    (0x219C, 0x21A8, 0x00008000),
    (0x21A9, 0x21AA, 0x00008200),
    (0x21AB, 0x21AD, 0x00008000),
    (0x21AE, 0x21AE, 0x20008000),
    (0x21AF, 0x21CC, 0x00008000),
    (0x21CD, 0x21CF, 0x20008000),
    (0x21D0, 0x2203, 0x00008000),
    (0x2204, 0x2204, 0x20008000),
    (0x2205, 0x2208, 0x00008000),
    (0x2209, 0x2209, 0x20008000),
    (0x220A, 0x220B, 0x00008000),
    (0x220C, 0x220C, 0x20008000),
    (0x220D, 0x2223, 0x00008000),
    (0x2224, 0x2224, 0x20008000),
    (0x2225, 0x2225, 0x00008000),
    (0x2226, 0x2226, 0x20008000),
    (0x2227, 0x2240, 0x00008000),
    (0x2241, 0x2241, 0x20008000),
    (0x2242, 0x2243, 0x00008000),
    (0x2244, 0x2244, 0x20008000),
    (0x2245, 0x2246, 0x00008000),
    (0x2247, 0x2247, 0x20008000),
    (0x2248, 0x2248, 0x00008000),
    (0x2249, 0x2249, 0x20008000),
    (0x224A, 0x225F, 0x00008000),
    (0x2260, 0x2260, 0x20008000),
    (0x2261, 0x2261, 0x00008000),
    (0x2262, 0x2262, 0x20008000),
    (0x2263, 0x226C, 0x00008000),
    (0x226D, 0x2271, 0x20008000),
    (0x2272, 0x2273, 0x00008000),
    (0x2274, 0x2275, 0x20008000),
    (0x2276, 0x2277, 0x00008000),
    (0x2278, 0x2279, 0x20008000),
    (0x227A, 0x227F, 0x00008000),
    (0x2280, 0x2281, 0x20008000),
    (0x2282, 0x2283, 0x00008000),
    (0x2284, 0x2285, 0x20008000),
    (0x2286, 0x2287, 0x00008000),
    (0x2288, 0x2289, 0x20008000),
    (0x228A, 0x22AB, 0x00008000),
    (0x22AC, 0x22AF, 0x20008000),
    (0x22B0, 0x22DF, 0x00008000),
    (0x22E0, 0x22E3, 0x20008000),
    (0x22E4, 0x22E9, 0x00008000),
    (0x22EA, 0x22ED, 0x20008000),
    (0x22EE, 0x2307, 0x00008000),
    (0x2308, 0x230B, 0x00004000),
    (0x230C, 0x2319, 0x00008000),
    (0x231A, 0x231B, 0x00008200),
    (0x231C, 0x2327, 0x00008000),
    (0x2328, 0x2328, 0x00008200),
    (0x2329, 0x232A, 0x20004000),
    (0x232B, 0x23CE, 0x00008000),
    (0x23CF, 0x23CF, 0x00008200),
    (0x23D0, 0x23E8, 0x00008000),
    (0x23E9, 0x23F3, 0x00008200),
    (0x23F4, 0x23F7, 0x00008000),
    (0x23F8, 0x23FA, 0x00008200),
    (0x23FB, 0x2429, 0x00008000),
    (0x2440, 0x244A, 0x00008000),
    (0x2460, 0x249B, 0x00000010),
    (0x249C, 0x24B5, 0x00008000),
    (0x24B6, 0x24C1, 0x00008005),
    (0x24C2, 0x24C2, 0x00008205),
    (0x24C3, 0x24CF, 0x00008005),
    (0x24D0, 0x24E9, 0x00008003),
    (0x24EA, 0x24FF, 0x00000010),
    (0x2500, 0x25A9, 0x00008000),
    (0x25AA, 0x25AB, 0x00008200),
    (0x25AC, 0x25B5, 0x00008000),
    (0x25B6, 0x25B6, 0x00008200),
    (0x25B7, 0x25BF, 0x00008000),
    (0x25C0, 0x25C0, 0x00008200),
    (0x25C1, 0x25FA, 0x00008000),
    (0x25FB, 0x25FE, 0x00008200),
    (0x25FF, 0x25FF, 0x00008000),
    (0x2600, 0x2604, 0x00008200),
    (0x2605, 0x260D, 0x00008000),
    (0x260E, 0x260E, 0x00008200),
    (0x260F, 0x2610, 0x00008000),
    (0x2611, 0x2611, 0x00008200),
    (0x2612, 0x2613, 0x00008000),
    (0x2614, 0x2615, 0x00008200),
    (0x2616, 0x2617, 0x00008000),
    (0x2618, 0x2618, 0x00008200),
    (0x2619, 0x261C, 0x00008000),
    (0x261D, 0x261D, 0x00008200),
    (0x261E, 0x261F, 0x00008000),
    (0x2620, 0x2620, 0x00008200),
    (0x2621, 0x2621, 0x00008000),
    (0x2622, 0x2623, 0x00008200),
    (0x2624, 0x2625, 0x00008000),
    (0x2626, 0x2626, 0x00008200),
    (0x2627, 0x2629, 0x00008000),
    (0x262A, 0x262A, 0x00008200),
    (0x262B, 0x262D, 0x00008000),
    (0x262E, 0x262F, 0x00008200),
    (0x2630, 0x2637, 0x00008000),
    (0x2638, 0x263A, 0x00008200),
    (0x263B, 0x263F, 0x00008000),
    (0x2640, 0x2640, 0x00008200),
    (0x2641, 0x2641, 0x00008000),
    (0x2642, 0x2642, 0x00008200),
    (0x2643, 0x2647, 0x00008000),
    (0x2648, 0x2653, 0x00008200),
    (0x2654, 0x265E, 0x00008000),
    (0x265F, 0x2660, 0x00008200),
    (0x2661, 0x2662, 0x00008000),
    (0x2663, 0x2663, 0x00008200),
    (0x2664, 0x2664, 0x00008000),
    (0x2665, 0x2666, 0x00008200),
    (0x2667, 0x2667, 0x00008000),
    (0x2668, 0x2668, 0x00008200),
    (0x2669, 0x267A, 0x00008000),
    (0x267B, 0x267B, 0x00008200),
    (0x267C, 0x267D, 0x00008000),
    (0x267E, 0x267F, 0x00008200),
    (0x2680, 0x2691, 0x00008000),
    (0x2692, 0x2697, 0x00008200),
    (0x2698, 0x2698, 0x00008000),
    (0x2699, 0x2699, 0x00008200),
    (0x269A, 0x269A, 0x00008000),
    (0x269B, 0x269C, 0x00008200),
    (0x269D, 0x269F, 0x00008000),
    (0x26A0, 0x26A1, 0x00008200),
    (0x26A2, 0x26A6, 0x00008000),
    (0x26A7, 0x26A7, 0x00008200),
    (0x26A8, 0x26A9, 0x00008000),
    (0x26AA, 0x26AB, 0x00008200),
    (0x26AC, 0x26AF, 0x00008000),
    (0x26B0, 0x26B1, 0x00008200),
    (0x26B2, 0x26BC, 0x00008000),
    (0x26BD, 0x26BE, 0x00008200),
    (0x26BF, 0x26C3, 0x00008000),
    (0x26C4, 0x26C5, 0x00008200),
    (0x26C6, 0x26C7, 0x00008000),
    (0x26C8, 0x26C8, 0x00008200),
    (0x26C9, 0x26CD, 0x00008000),
    (0x26CE, 0x26CF, 0x00008200),
    (0x26D0, 0x26D0, 0x00008000),
    (0x26D1, 0x26D1, 0x00008200),
    (0x26D2, 0x26D2, 0x00008000),
    (0x26D3, 0x26D4, 0x00008200),
    (0x26D5, 0x26E8, 0x00008000),
    (0x26E9, 0x26EA, 0x00008200),
    (0x26EB, 0x26EF, 0x00008000),
    (0x26F0, 0x26F5, 0x00008200),
    (0x26F6, 0x26F6, 0x00008000),
    (0x26F7, 0x26FA, 0x00008200),
    (0x26FB, 0x26FC, 0x00008000),
    (0x26FD, 0x26FD, 0x00008200),
    (0x26FE, 0x2701, 0x00008000),
    (0x2702, 0x2702, 0x00008200),
    (0x2703, 0x2704, 0x00008000),
    (0x2705, 0x2705, 0x00008200),
    (0x2706, 0x2707, 0x00008000),
    (0x2708, 0x270D, 0x00008200),
    (0x270E, 0x270E, 0x00008000),
    (0x270F, 0x270F, 0x00008200),
    (0x2710, 0x2711, 0x00008000),
    (0x2712, 0x2712, 0x00008200),
    (0x2713, 0x2713, 0x00008000),
    (0x2714, 0x2714, 0x00008200),
    (0x2715, 0x2715, 0x00008000),
    (0x2716, 0x2716, 0x00008200),
    (0x2717, 0x271C, 0x00008000),
    (0x271D, 0x271D, 0x00008200),
    (0x271E, 0x2720, 0x00008000),
    (0x2721, 0x2721, 0x00008200),
    (0x2722, 0x2727, 0x00008000),
    (0x2728, 0x2728, 0x00008200),
    (0x2729, 0x2732, 0x00008000),
    (0x2733, 0x2734, 0x00008200),
    (0x2735, 0x2743, 0x00008000),
    (0x2744, 0x2744, 0x00008200),
    (0x2745, 0x2746, 0x00008000),
    (0x2747, 0x2747, 0x00008200),
    (0x2748, 0x274B, 0x00008000),
    (0x274C, 0x274C, 0x00008200),
    (0x274D, 0x274D, 0x00008000),
    (0x274E, 0x274E, 0x00008200),
    (0x274F, 0x2752, 0x00008000),
    (0x2753, 0x2755, 0x00008200),
    (0x2756, 0x2756, 0x00008000),
    (0x2757, 0x2757, 0x00008200),
    (0x2758, 0x2762, 0x00008000),
    (0x2763, 0x2764, 0x00008200),
    (0x2765, 0x2767, 0x00008000),
    (0x2768, 0x2775, 0x00004000),
    (0x2776, 0x2793, 0x00000010),
    (0x2794, 0x2794, 0x00008000),
    (0x2795, 0x2797, 0x00008200),
    (0x2798, 0x27A0, 0x00008000),
    (0x27A1, 0x27A1, 0x00008200),
    (0x27A2, 0x27AF, 0x00008000),
    (0x27B0, 0x27B0, 0x00008200),
    (0x27B1, 0x27BE, 0x00008000),
    (0x27BF, 0x27BF, 0x00008200),
    (0x27C0, 0x27C4, 0x00008000),
    (0x27C5, 0x27C6, 0x00004000),
    (0x27C7, 0x27E5, 0x00008000),
    (0x27E6, 0x27EF, 0x00004000),
    (0x27F0, 0x27FF, 0x00008000),
    (0x2800, 0x28FF, 0x00118000),
    (0x2900, 0x2933, 0x00008000),
    (0x2934, 0x2935, 0x00008200),
    (0x2936, 0x2982, 0x00008000),
    (0x2983, 0x2998, 0x00004000),
    (0x2999, 0x29D7, 0x00008000),
    (0x29D8, 0x29DB, 0x00004000),
    (0x29DC, 0x29FB, 0x00008000),
    (0x29FC, 0x29FD, 0x00004000),
    (0x29FE, 0x2ADB, 0x00008000),
    (0x2ADC, 0x2ADC, 0x20008000),
    (0x2ADD, 0x2B04, 0x00008000),
    (0x2B05, 0x2B07, 0x00008200),
    (0x2B08, 0x2B1A, 0x00008000),
    (0x2B1B, 0x2B1C, 0x00008200),
    (0x2B1D, 0x2B4F, 0x00008000),
    (0x2B50, 0x2B50, 0x00008200),
    (0x2B51, 0x2B54, 0x00008000),
    (0x2B55, 0x2B55, 0x00008200),
    (0x2B56, 0x2B73, 0x00008000),
    (0x2B76, 0x2BFF, 0x00008000),
    (0x2C00, 0x2C2F, 0x00290005),
    (0x2C30, 0x2C5F, 0x00290003),
    (0x2C60, 0x2C60, 0x004A0005),
    (0x2C61, 0x2C61, 0x004A0003),
    (0x2C62, 0x2C64, 0x004A0005),
    (0x2C65, 0x2C66, 0x004A0003),
    (0x2C67, 0x2C67, 0x004A0005),
    (0x2C68, 0x2C68, 0x004A0003),
    (0x2C69, 0x2C69, 0x004A0005),
    (0x2C6A, 0x2C6A, 0x004A0003),
    (0x2C6B, 0x2C6B, 0x004A0005),
    (0x2C6C, 0x2C6C, 0x004A0003),
    (0x2C6D, 0x2C70, 0x004A0005),
    (0x2C71, 0x2C71, 0x004A0003),
    (0x2C72, 0x2C72, 0x004A0005),
    (0x2C73, 0x2C74, 0x004A0003),
    (0x2C75, 0x2C75, 0x004A0005),
    (0x2C76, 0x2C7D, 0x004A0003),
    (0x2C7E, 0x2C7F, 0x004A0005),
    (0x2C80, 0x2C80, 0x001A0005),
    (0x2C81, 0x2C81, 0x001A0003),
    (0x2C82, 0x2C82, 0x001A0005),
    (0x2C83, 0x2C83, 0x001A0003),
    (0x2C84, 0x2C84, 0x001A0005),
    (0x2C85, 0x2C85, 0x001A0003),
    (0x2C86, 0x2C86, 0x001A0005),
    (0x2C87, 0x2C87, 0x001A0003),
    (0x2C88, 0x2C88, 0x001A0005),
    (0x2C89, 0x2C89, 0x001A0003),
    (0x2C8A, 0x2C8A, 0x001A0005),
    (0x2C8B, 0x2C8B, 0x001A0003),
    (0x2C8C, 0x2C8C, 0x001A0005),
    (0x2C8D, 0x2C8D, 0x001A0003),
    (0x2C8E, 0x2C8E, 0x001A0005),
    (0x2C8F, 0x2C8F, 0x001A0003),
    (0x2C90, 0x2C90, 0x001A0005),
    (0x2C91, 0x2C91, 0x001A0003),
    (0x2C92, 0x2C92, 0x001A0005),
    (0x2C93, 0x2C93, 0x001A0003),
    (0x2C94, 0x2C94, 0x001A0005),
    (0x2C95, 0x2C95, 0x001A0003),
    (0x2C96, 0x2C96, 0x001A0005),
    (0x2C97, 0x2C97, 0x001A0003),
    (0x2C98, 0x2C98, 0x001A0005),
    (0x2C99, 0x2C99, 0x001A0003),
    (0x2C9A, 0x2C9A, 0x001A0005),
    (0x2C9B, 0x2C9B, 0x001A0003),
    (0x2C9C, 0x2C9C, 0x001A0005),
    (0x2C9D, 0x2C9D, 0x001A0003),
    (0x2C9E, 0x2C9E, 0x001A0005),
    (0x2C9F, 0x2C9F, 0x001A0003),
    (0x2CA0, 0x2CA0, 0x001A0005),
    (0x2CA1, 0x2CA1, 0x001A0003),
    (0x2CA2, 0x2CA2, 0x001A0005),
    (0x2CA3, 0x2CA3, 0x001A0003),
    (0x2CA4, 0x2CA4, 0x001A0005),
    (0x2CA5, 0x2CA5, 0x001A0003),
    (0x2CA6, 0x2CA6, 0x001A0005),
    (0x2CA7, 0x2CA7, 0x001A0003),
    (0x2CA8, 0x2CA8, 0x001A0005),
    (0x2CA9, 0x2CA9, 0x001A0003),
    (0x2CAA, 0x2CAA, 0x001A0005),
    (0x2CAB, 0x2CAB, 0x001A0003),
    (0x2CAC, 0x2CAC, 0x001A0005),
    (0x2CAD, 0x2CAD, 0x001A0003),
    (0x2CAE, 0x2CAE, 0x001A0005),
    (0x2CAF, 0x2CAF, 0x001A0003),
    (0x2CB0, 0x2CB0, 0x001A0005),
    (0x2CB1, 0x2CB1, 0x001A0003),
    (0x2CB2, 0x2CB2, 0x001A0005),
    (0x2CB3, 0x2CB3, 0x001A0003),
    (0x2CB4, 0x2CB4, 0x001A0005),
    (0x2CB5, 0x2CB5, 0x001A0003),
    (0x2CB6, 0x2CB6, 0x001A0005),
    (0x2CB7, 0x2CB7, 0x001A0003),
    (0x2CB8, 0x2CB8, 0x001A0005),
    (0x2CB9, 0x2CB9, 0x001A0003),
    (0x2CBA, 0x2CBA, 0x001A0005),
    (0x2CBB, 0x2CBB, 0x001A0003),
    (0x2CBC, 0x2CBC, 0x001A0005),
    (0x2CBD, 0x2CBD, 0x001A0003),
    (0x2CBE, 0x2CBE, 0x001A0005),
    (0x2CBF, 0x2CBF, 0x001A0003),
    (0x2CC0, 0x2CC0, 0x001A0005),
    (0x2CC1, 0x2CC1, 0x001A0003),
    (0x2CC2, 0x2CC2, 0x001A0005),
    (0x2CC3, 0x2CC3, 0x001A0003),
    (0x2CC4, 0x2CC4, 0x001A0005),
    (0x2CC5, 0x2CC5, 0x001A0003),
    (0x2CC6, 0x2CC6, 0x001A0005),
    (0x2CC7, 0x2CC7, 0x001A0003),
    (0x2CC8, 0x2CC8, 0x001A0005),
    (0x2CC9, 0x2CC9, 0x001A0003),
    (0x2CCA, 0x2CCA, 0x001A0005),
    (0x2CCB, 0x2CCB, 0x001A0003),
    (0x2CCC, 0x2CCC, 0x001A0005),
    (0x2CCD, 0x2CCD, 0x001A0003),
    (0x2CCE, 0x2CCE, 0x001A0005),
    (0x2CCF, 0x2CCF, 0x001A0003),
    (0x2CD0, 0x2CD0, 0x001A0005),
    (0x2CD1, 0x2CD1, 0x001A0003),
    (0x2CD2, 0x2CD2, 0x001A0005),
    (0x2CD3, 0x2CD3, 0x001A0003),
    (0x2CD4, 0x2CD4, 0x001A0005),
    (0x2CD5, 0x2CD5, 0x001A0003),
    (0x2CD6, 0x2CD6, 0x001A0005),
    (0x2CD7, 0x2CD7, 0x001A0003),
    (0x2CD8, 0x2CD8, 0x001A0005),
    (0x2CD9, 0x2CD9, 0x001A0003),
    (0x2CDA, 0x2CDA, 0x001A0005),
    (0x2CDB, 0x2CDB, 0x001A0003),
    (0x2CDC, 0x2CDC, 0x001A0005),
    (0x2CDD, 0x2CDD, 0x001A0003),
    (0x2CDE, 0x2CDE, 0x001A0005),
    (0x2CDF, 0x2CDF, 0x001A0003),
    (0x2CE0, 0x2CE0, 0x001A0005),
    (0x2CE1, 0x2CE1, 0x001A0003),
    (0x2CE2, 0x2CE2, 0x001A0005),
    (0x2CE3, 0x2CE4, 0x001A0003),
    (0x2CE5, 0x2CEA, 0x001A8000),
    (0x2CEB, 0x2CEB, 0x001A0005),
    (0x2CEC, 0x2CEC, 0x001A0003),
    (0x2CED, 0x2CED, 0x001A0005),
    (0x2CEE, 0x2CEE, 0x001A0003),
    (0x2CEF, 0x2CF1, 0x601A3100),
    (0x2CF2, 0x2CF2, 0x001A0005),
    (0x2CF3, 0x2CF3, 0x001A0003),
    (0x2CF9, 0x2CFB, 0x011A4080),
    (0x2CFC, 0x2CFC, 0x011A4000),
    (0x2CFD, 0x2CFD, 0x001A0010),
    (0x2CFE, 0x2CFF, 0x011A4000),
    (0x2D00, 0x2D25, 0x00280003),
    (0x2D27, 0x2D27, 0x00280003),
    (0x2D2D, 0x2D2D, 0x00280003),
    (0x2D30, 0x2D67, 0x00980001),
    (0x2D6F, 0x2D6F, 0x00980001),
    (0x2D70, 0x2D70, 0x01984000),
    (0x2D7F, 0x2D7F, 0x60983100),
    (0x2D80, 0x2D96, 0x00260001),
    (0x2DA0, 0x2DA6, 0x00260001),
    (0x2DA8, 0x2DAE, 0x00260001),
    (0x2DB0, 0x2DB6, 0x00260001),
    (0x2DB8, 0x2DBE, 0x00260001),
    (0x2DC0, 0x2DC6, 0x00260001),
    (0x2DC8, 0x2DCE, 0x00260001),
    (0x2DD0, 0x2DD6, 0x00260001),
    (0x2DD8, 0x2DDE, 0x00260001),
    (0x2DE0, 0x2DFF, 0x601D3101),
    (0x2E00, 0x2E01, 0x01004000),
    (0x2E02, 0x2E05, 0x00004000),
    (0x2E06, 0x2E08, 0x01004000),
    (0x2E09, 0x2E0A, 0x00004000),
    (0x2E0B, 0x2E0B, 0x01004000),
    (0x2E0C, 0x2E0D, 0x00004000),
    (0x2E0E, 0x2E16, 0x01004000),
    (0x2E17, 0x2E17, 0x00004000),
    (0x2E18, 0x2E19, 0x01004000),
    (0x2E1A, 0x2E1A, 0x00004000),
    (0x2E1B, 0x2E1B, 0x01004000),
    (0x2E1C, 0x2E1D, 0x00004000),
    (0x2E1E, 0x2E1F, 0x01004000),
    (0x2E20, 0x2E29, 0x00004000),
    (0x2E2A, 0x2E2D, 0x01004000),
    (0x2E2E, 0x2E2E, 0x01004080),
    (0x2E2F, 0x2E2F, 0x00000001),
    (0x2E30, 0x2E39, 0x01004000),
    (0x2E3A, 0x2E3B, 0x00004000),
    (0x2E3C, 0x2E3C, 0x01004080),
    (0x2E3D, 0x2E3F, 0x01004000),
    (0x2E40, 0x2E40, 0x00004000),
    (0x2E41, 0x2E41, 0x01004000),
    (0x2E42, 0x2E42, 0x00004000),
    (0x2E43, 0x2E4F, 0x01004000),
    (0x2E50, 0x2E51, 0x00008000),
    (0x2E52, 0x2E52, 0x01004000),
    (0x2E53, 0x2E54, 0x01004080),
    (0x2E55, 0x2E5D, 0x00004000),
    (0x2E80, 0x2E99, 0x00338000),
    (0x2E9B, 0x2EF3, 0x00338000),
    (0x2F00, 0x2FD5, 0x00338000),
    (0x2FF0, 0x2FFF, 0x00008000),
    (0x3000, 0x3000, 0x00000008),
    (0x3001, 0x3001, 0x01004000),
    (0x3002, 0x3002, 0x01004080),
    (0x3003, 0x3003, 0x01004000),
    (0x3004, 0x3004, 0x00008000),
    (0x3005, 0x3005, 0x00330001),
    (0x3006, 0x3006, 0x00000001),
    (0x3007, 0x3007, 0x00330011),
    (0x3008, 0x3009, 0x20004000),
    (0x300A, 0x3011, 0x00004000),
    (0x3012, 0x3013, 0x00008000),
    (0x3014, 0x301F, 0x00004000),
    (0x3020, 0x3020, 0x00008000),
    (0x3021, 0x3029, 0x00330011),
    (0x302A, 0x302D, 0x60003100),
    (0x302E, 0x302F, 0x60323100),
    (0x3030, 0x3030, 0x00004200),
    (0x3031, 0x3035, 0x00000001),
    (0x3036, 0x3037, 0x00008000),
    (0x3038, 0x303A, 0x00330011),
    (0x303B, 0x303B, 0x00330001),
    (0x303C, 0x303C, 0x00000001),
    (0x303D, 0x303D, 0x01004200),
    (0x303E, 0x303F, 0x00008000),
    (0x3041, 0x304B, 0x00370001),
    (0x304C, 0x304C, 0x20370001),
    (0x304D, 0x304D, 0x00370001),
    (0x304E, 0x304E, 0x20370001),
    (0x304F, 0x304F, 0x00370001),
    (0x3050, 0x3050, 0x20370001),
    (0x3051, 0x3051, 0x00370001),
    (0x3052, 0x3052, 0x20370001),
    (0x3053, 0x3053, 0x00370001),
    (0x3054, 0x3054, 0x20370001),
    (0x3055, 0x3055, 0x00370001),
    (0x3056, 0x3056, 0x20370001),
    (0x3057, 0x3057, 0x00370001),
    (0x3058, 0x3058, 0x20370001),
    (0x3059, 0x3059, 0x00370001),
    (0x305A, 0x305A, 0x20370001),
    (0x305B, 0x305B, 0x00370001),
    (0x305C, 0x305C, 0x20370001),
    (0x305D, 0x305D, 0x00370001),
    (0x305E, 0x305E, 0x20370001),
    (0x305F, 0x305F, 0x00370001),
    (0x3060, 0x3060, 0x20370001),
    (0x3061, 0x3061, 0x00370001),
    (0x3062, 0x3062, 0x20370001),
    (0x3063, 0x3064, 0x00370001),
    (0x3065, 0x3065, 0x20370001),
    (0x3066, 0x3066, 0x00370001),
    (0x3067, 0x3067, 0x20370001),
    (0x3068, 0x3068, 0x00370001),
    (0x3069, 0x3069, 0x20370001),
    (0x306A, 0x306F, 0x00370001),
    (0x3070, 0x3071, 0x20370001),
    (0x3072, 0x3072, 0x00370001),
    (0x3073, 0x3074, 0x20370001),
    (0x3075, 0x3075, 0x00370001),
    (0x3076, 0x3077, 0x20370001),
    (0x3078, 0x3078, 0x00370001),
    (0x3079, 0x307A, 0x20370001),
    (0x307B, 0x307B, 0x00370001),
    (0x307C, 0x307D, 0x20370001),
    (0x307E, 0x3093, 0x00370001),
    (0x3094, 0x3094, 0x20370001),
    (0x3095, 0x3096, 0x00370001),
    (0x3099, 0x309A, 0x60003100),
    (0x309B, 0x309C, 0x00008000),
    (0x309D, 0x309D, 0x00370001),
    (0x309E, 0x309E, 0x20370001),
    (0x309F, 0x309F, 0x00370001),
    (0x30A0, 0x30A0, 0x00004000),
    (0x30A1, 0x30AB, 0x003F0001),
    (0x30AC, 0x30AC, 0x203F0001),
    (0x30AD, 0x30AD, 0x003F0001),
    (0x30AE, 0x30AE, 0x203F0001),
    (0x30AF, 0x30AF, 0x003F0001),
    (0x30B0, 0x30B0, 0x203F0001),
    (0x30B1, 0x30B1, 0x003F0001),
    (0x30B2, 0x30B2, 0x203F0001),
    (0x30B3, 0x30B3, 0x003F0001),
    (0x30B4, 0x30B4, 0x203F0001),
    (0x30B5, 0x30B5, 0x003F0001),
    (0x30B6, 0x30B6, 0x203F0001),
    (0x30B7, 0x30B7, 0x003F0001),
    (0x30B8, 0x30B8, 0x203F0001),
    (0x30B9, 0x30B9, 0x003F0001),
    (0x30BA, 0x30BA, 0x203F0001),
    (0x30BB, 0x30BB, 0x003F0001),
    (0x30BC, 0x30BC, 0x203F0001),
    (0x30BD, 0x30BD, 0x003F0001),
    (0x30BE, 0x30BE, 0x203F0001),
    (0x30BF, 0x30BF, 0x003F0001),
    (0x30C0, 0x30C0, 0x203F0001),
    (0x30C1, 0x30C1, 0x003F0001),
    (0x30C2, 0x30C2, 0x203F0001),
    (0x30C3, 0x30C4, 0x003F0001),
    (0x30C5, 0x30C5, 0x203F0001),
    (0x30C6, 0x30C6, 0x003F0001),
    (0x30C7, 0x30C7, 0x203F0001),
    (0x30C8, 0x30C8, 0x003F0001),
    (0x30C9, 0x30C9, 0x203F0001),
    (0x30CA, 0x30CF, 0x003F0001),
    (0x30D0, 0x30D1, 0x203F0001),
    (0x30D2, 0x30D2, 0x003F0001),
    (0x30D3, 0x30D4, 0x203F0001),
    (0x30D5, 0x30D5, 0x003F0001),
    (0x30D6, 0x30D7, 0x203F0001),
    (0x30D8, 0x30D8, 0x003F0001),
    (0x30D9, 0x30DA, 0x203F0001),
    (0x30DB, 0x30DB, 0x003F0001),
    (0x30DC, 0x30DD, 0x203F0001),
    (0x30DE, 0x30F3, 0x003F0001),
    (0x30F4, 0x30F4, 0x203F0001),
    (0x30F5, 0x30F6, 0x003F0001),
    (0x30F7, 0x30FA, 0x203F0001),
    (0x30FB, 0x30FB, 0x01004000),
    (0x30FC, 0x30FC, 0x00000001),
    (0x30FD, 0x30FD, 0x003F0001),
    (0x30FE, 0x30FE, 0x203F0001),
    (0x30FF, 0x30FF, 0x003F0001),
    (0x3105, 0x312F, 0x000F0001),
    (0x3131, 0x318E, 0x00320001),
    (0x3190, 0x3191, 0x00008000),
    (0x3192, 0x3195, 0x00000010),
    (0x3196, 0x319F, 0x00008000),
    (0x31A0, 0x31BF, 0x000F0001),
    (0x31C0, 0x31E5, 0x00008000),
    (0x31EF, 0x31EF, 0x00008000),
    (0x31F0, 0x31FF, 0x003F0001),
    (0x3200, 0x321E, 0x00328000),
    (0x3220, 0x3229, 0x00000010),
    (0x322A, 0x3247, 0x00008000),
    (0x3248, 0x324F, 0x00000010),
    (0x3250, 0x3250, 0x00008000),
    (0x3251, 0x325F, 0x00000010),
    (0x3260, 0x327E, 0x00328000),
    (0x327F, 0x327F, 0x00008000),
    (0x3280, 0x3289, 0x00000010),
    (0x328A, 0x3296, 0x00008000),
    (0x3297, 0x3297, 0x00008200),
    (0x3298, 0x3298, 0x00008000),
    (0x3299, 0x3299, 0x00008200),
    (0x329A, 0x32B0, 0x00008000),
    (0x32B1, 0x32BF, 0x00000010),
    (0x32C0, 0x32CF, 0x00008000),
    (0x32D0, 0x32FE, 0x003F8000),
    (0x32FF, 0x32FF, 0x00008000),
    (0x3300, 0x3357, 0x003F8000),
    (0x3358, 0x33FF, 0x00008000),
    (0x3400, 0x349D, 0x00330001),
    (0x349E, 0x349E, 0x20330001),
    (0x349F, 0x34B8, 0x00330001),
    (0x34B9, 0x34B9, 0x20330001),
    (0x34BA, 0x34BA, 0x00330001),
    (0x34BB, 0x34BB, 0x20330001),
    (0x34BC, 0x34DE, 0x00330001),
    (0x34DF, 0x34DF, 0x20330001),
    (0x34E0, 0x3514, 0x00330001),
    (0x3515, 0x3515, 0x20330001),
    (0x3516, 0x36ED, 0x00330001),
    (0x36EE, 0x36EE, 0x20330001),
    (0x36EF, 0x36FB, 0x00330001),
    (0x36FC, 0x36FC, 0x20330001),
    (0x36FD, 0x3780, 0x00330001),
    (0x3781, 0x3781, 0x20330001),
    (0x3782, 0x382E, 0x00330001),
    (0x382F, 0x382F, 0x20330001),
    (0x3830, 0x3861, 0x00330001),
    (0x3862, 0x3862, 0x20330001),
    (0x3863, 0x387B, 0x00330001),
    (0x387C, 0x387C, 0x20330001),
    (0x387D, 0x38C6, 0x00330001),
    (0x38C7, 0x38C7, 0x20330001),
    (0x38C8, 0x38E2, 0x00330001),
    (0x38E3, 0x38E3, 0x20330001),
    (0x38E4, 0x391B, 0x00330001),
    (0x391C, 0x391C, 0x20330001),
    (0x391D, 0x3939, 0x00330001),
    (0x393A, 0x393A, 0x20330001),
    (0x393B, 0x3A2D, 0x00330001),
    (0x3A2E, 0x3A2E, 0x20330001),
    (0x3A2F, 0x3A6B, 0x00330001),
    (0x3A6C, 0x3A6C, 0x20330001),
    (0x3A6D, 0x3AE3, 0x00330001),
    (0x3AE4, 0x3AE4, 0x20330001),
    (0x3AE5, 0x3B07, 0x00330001),
    (0x3B08, 0x3B08, 0x20330001),
    (0x3B09, 0x3B18, 0x00330001),
    (0x3B19, 0x3B19, 0x20330001),
    (0x3B1A, 0x3B48, 0x00330001),
    (0x3B49, 0x3B49, 0x20330001),
    (0x3B4A, 0x3B9C, 0x00330001),
    (0x3B9D, 0x3B9D, 0x20330001),
    (0x3B9E, 0x3C17, 0x00330001),
    (0x3C18, 0x3C18, 0x20330001),
    (0x3C19, 0x3C4D, 0x00330001),
    (0x3C4E, 0x3C4E, 0x20330001),
    (0x3C4F, 0x3D32, 0x00330001),
    (0x3D33, 0x3D33, 0x20330001),
    (0x3D34, 0x3D95, 0x00330001),
    (0x3D96, 0x3D96, 0x20330001),
    (0x3D97, 0x3EAB, 0x00330001),
    (0x3EAC, 0x3EAC, 0x20330001),
    (0x3EAD, 0x3EB7, 0x00330001),
    (0x3EB8, 0x3EB8, 0x20330001),
    (0x3EB9, 0x3F1A, 0x00330001),
    (0x3F1B, 0x3F1B, 0x20330001),
    (0x3F1C, 0x3FFB, 0x00330001),
    (0x3FFC, 0x3FFC, 0x20330001),
    (0x3FFD, 0x4007, 0x00330001),
    (0x4008, 0x4008, 0x20330001),
    (0x4009, 0x4017, 0x00330001),
    (0x4018, 0x4018, 0x20330001),
    (0x4019, 0x4038, 0x00330001),
    (0x4039, 0x4039, 0x20330001),
    (0x403A, 0x4045, 0x00330001),
    (0x4046, 0x4046, 0x20330001),
    (0x4047, 0x4095, 0x00330001),
    (0x4096, 0x4096, 0x20330001),
    (0x4097, 0x40E2, 0x00330001),
    (0x40E3, 0x40E3, 0x20330001),
    (0x40E4, 0x412E, 0x00330001),
    (0x412F, 0x412F, 0x20330001),
    (0x4130, 0x4201, 0x00330001),
    (0x4202, 0x4202, 0x20330001),
    (0x4203, 0x4226, 0x00330001),
    (0x4227, 0x4227, 0x20330001),
    (0x4228, 0x429F, 0x00330001),
    (0x42A0, 0x42A0, 0x20330001),
    (0x42A1, 0x4300, 0x00330001),
    (0x4301, 0x4301, 0x20330001),
    (0x4302, 0x4333, 0x00330001),
    (0x4334, 0x4334, 0x20330001),
    (0x4335, 0x4358, 0x00330001),
    (0x4359, 0x4359, 0x20330001),
    (0x435A, 0x43D4, 0x00330001),
    (0x43D5, 0x43D5, 0x20330001),
    (0x43D6, 0x43D8, 0x00330001),
    (0x43D9, 0x43D9, 0x20330001),
    (0x43DA, 0x440A, 0x00330001),
    (0x440B, 0x440B, 0x20330001),
    (0x440C, 0x446A, 0x00330001),
    (0x446B, 0x446B, 0x20330001),
    (0x446C, 0x452A, 0x00330001),
    (0x452B, 0x452B, 0x20330001),
    (0x452C, 0x455C, 0x00330001),
    (0x455D, 0x455D, 0x20330001),
    (0x455E, 0x4560, 0x00330001),
    (0x4561, 0x4561, 0x20330001),
    (0x4562, 0x456A, 0x00330001),
    (0x456B, 0x456B, 0x20330001),
    (0x456C, 0x45D6, 0x00330001),
    (0x45D7, 0x45D7, 0x20330001),
    (0x45D8, 0x45F8, 0x00330001),
    (0x45F9, 0x45F9, 0x20330001),
    (0x45FA, 0x4634, 0x00330001),
    (0x4635, 0x4635, 0x20330001),
    (0x4636, 0x46BD, 0x00330001),
    (0x46BE, 0x46BE, 0x20330001),
    (0x46BF, 0x46C6, 0x00330001),
    (0x46C7, 0x46C7, 0x20330001),
    (0x46C8, 0x4994, 0x00330001),
    (0x4995, 0x4995, 0x20330001),
    (0x4996, 0x49E5, 0x00330001),
    (0x49E6, 0x49E6, 0x20330001),
    (0x49E7, 0x4A6D, 0x00330001),
    (0x4A6E, 0x4A6E, 0x20330001),
    (0x4A6F, 0x4A75, 0x00330001),
    (0x4A76, 0x4A76, 0x20330001),
    (0x4A77, 0x4AB1, 0x00330001),
    (0x4AB2, 0x4AB2, 0x20330001),
    (0x4AB3, 0x4B32, 0x00330001),
    (0x4B33, 0x4B33, 0x20330001),
    (0x4B34, 0x4BCD, 0x00330001),
    (0x4BCE, 0x4BCE, 0x20330001),
    (0x4BCF, 0x4CCD, 0x00330001),
    (0x4CCE, 0x4CCE, 0x20330001),
    (0x4CCF, 0x4CEC, 0x00330001),
    (0x4CED, 0x4CED, 0x20330001),
    (0x4CEE, 0x4CF7, 0x00330001),
    (0x4CF8, 0x4CF8, 0x20330001),
    (0x4CF9, 0x4D55, 0x00330001),
    (0x4D56, 0x4D56, 0x20330001),
    (0x4D57, 0x4DBF, 0x00330001),
    (0x4DC0, 0x4DFF, 0x00008000),
    (0x4E00, 0x4E0C, 0x00330001),
    (0x4E0D, 0x4E0D, 0x20330001),
    (0x4E0E, 0x4E25, 0x00330001),
    (0x4E26, 0x4E26, 0x20330001),
    (0x4E27, 0x4E31, 0x00330001),
    (0x4E32, 0x4E32, 0x20330001),
    (0x4E33, 0x4E37, 0x00330001),
    (0x4E38, 0x4E39, 0x20330001),
    (0x4E3A, 0x4E3C, 0x00330001),
    (0x4E3D, 0x4E3D, 0x20330001),
    (0x4E3E, 0x4E40, 0x00330001),
    (0x4E41, 0x4E41, 0x20330001),
    (0x4E42, 0x4E81, 0x00330001),
    (0x4E82, 0x4E82, 0x20330001),
    (0x4E83, 0x4E85, 0x00330001),
    (0x4E86, 0x4E86, 0x20330001),
    (0x4E87, 0x4EAD, 0x00330001),
    (0x4EAE, 0x4EAE, 0x20330001),
    (0x4EAF, 0x4EBF, 0x00330001),
    (0x4EC0, 0x4EC0, 0x20330001),
    (0x4EC1, 0x4ECB, 0x00330001),
    (0x4ECC, 0x4ECC, 0x20330001),
    (0x4ECD, 0x4EE3, 0x00330001),
    (0x4EE4, 0x4EE4, 0x20330001),
    (0x4EE5, 0x4F5F, 0x00330001),
    (0x4F60, 0x4F60, 0x20330001),
    (0x4F61, 0x4F7F, 0x00330001),
    (0x4F80, 0x4F80, 0x20330001),
    (0x4F81, 0x4F85, 0x00330001),
    (0x4F86, 0x4F86, 0x20330001),
    (0x4F87, 0x4F8A, 0x00330001),
    (0x4F8B, 0x4F8B, 0x20330001),
    (0x4F8C, 0x4FAD, 0x00330001),
    (0x4FAE, 0x4FAE, 0x20330001),
    (0x4FAF, 0x4FBA, 0x00330001),
    (0x4FBB, 0x4FBB, 0x20330001),
    (0x4FBC, 0x4FBE, 0x00330001),
    (0x4FBF, 0x4FBF, 0x20330001),
    (0x4FC0, 0x5001, 0x00330001),
    (0x5002, 0x5002, 0x20330001),
    (0x5003, 0x502A, 0x00330001),
    (0x502B, 0x502B, 0x20330001),
    (0x502C, 0x5079, 0x00330001),
    (0x507A, 0x507A, 0x20330001),
    (0x507B, 0x5098, 0x00330001),
    (0x5099, 0x5099, 0x20330001),
    (0x509A, 0x50CE, 0x00330001),
    (0x50CF, 0x50CF, 0x20330001),
    (0x50D0, 0x50D9, 0x00330001),
    (0x50DA, 0x50DA, 0x20330001),
    (0x50DB, 0x50E6, 0x00330001),
    (0x50E7, 0x50E7, 0x20330001),
    (0x50E8, 0x513F, 0x00330001),
    (0x5140, 0x5140, 0x20330001),
    (0x5141, 0x5144, 0x00330001),
    (0x5145, 0x5145, 0x20330001),
    (0x5146, 0x514C, 0x00330001),
    (0x514D, 0x514D, 0x20330001),
    (0x514E, 0x5153, 0x00330001),
    (0x5154, 0x5154, 0x20330001),
    (0x5155, 0x5163, 0x00330001),
    (0x5164, 0x5164, 0x20330001),
    (0x5165, 0x5166, 0x00330001),
    (0x5167, 0x5169, 0x20330001),
    (0x516A, 0x516C, 0x00330001),
    (0x516D, 0x516D, 0x20330001),
    (0x516E, 0x5176, 0x00330001),
    (0x5177, 0x5177, 0x20330001),
    (0x5178, 0x517F, 0x00330001),
    (0x5180, 0x5180, 0x20330001),
    (0x5181, 0x518C, 0x00330001),
    (0x518D, 0x518D, 0x20330001),
    (0x518E, 0x5191, 0x00330001),
    (0x5192, 0x5192, 0x20330001),
    (0x5193, 0x5194, 0x00330001),
    (0x5195, 0x5195, 0x20330001),
    (0x5196, 0x5196, 0x00330001),
    (0x5197, 0x5197, 0x20330001),
    (0x5198, 0x51A3, 0x00330001),
    (0x51A4, 0x51A4, 0x20330001),
    (0x51A5, 0x51AB, 0x00330001),
    (0x51AC, 0x51AC, 0x20330001),
    (0x51AD, 0x51B4, 0x00330001),
    (0x51B5, 0x51B5, 0x20330001),
    (0x51B6, 0x51B6, 0x00330001),
    (0x51B7, 0x51B7, 0x20330001),
    (0x51B8, 0x51C8, 0x00330001),
    (0x51C9, 0x51C9, 0x20330001),
    (0x51CA, 0x51CB, 0x00330001),
    (0x51CC, 0x51CC, 0x20330001),
    (0x51CD, 0x51DB, 0x00330001),
    (0x51DC, 0x51DC, 0x20330001),
    (0x51DD, 0x51DD, 0x00330001),
    (0x51DE, 0x51DE, 0x20330001),
    (0x51DF, 0x51F4, 0x00330001),
    (0x51F5, 0x51F5, 0x20330001),
    (0x51F6, 0x5202, 0x00330001),
    (0x5203, 0x5203, 0x20330001),
    (0x5204, 0x5206, 0x00330001),
    (0x5207, 0x5207, 0x20330001),
    (0x5208, 0x5216, 0x00330001),
    (0x5217, 0x5217, 0x20330001),
    (0x5218, 0x5228, 0x00330001),
    (0x5229, 0x5229, 0x20330001),
    (0x522A, 0x5239, 0x00330001),
    (0x523A, 0x523B, 0x20330001),
    (0x523C, 0x5245, 0x00330001),
    (0x5246, 0x5246, 0x20330001),
    (0x5247, 0x5271, 0x00330001),
    (0x5272, 0x5272, 0x20330001),
    (0x5273, 0x5276, 0x00330001),
    (0x5277, 0x5277, 0x20330001),
    (0x5278, 0x5288, 0x00330001),
    (0x5289, 0x5289, 0x20330001),
    (0x528A, 0x529A, 0x00330001),
    (0x529B, 0x529B, 0x20330001),
    (0x529C, 0x52A2, 0x00330001),
    (0x52A3, 0x52A3, 0x20330001),
    (0x52A4, 0x52B2, 0x00330001),
    (0x52B3, 0x52B3, 0x20330001),
    (0x52B4, 0x52C6, 0x00330001),
    (0x52C7, 0x52C7, 0x20330001),
    (0x52C8, 0x52C8, 0x00330001),
    (0x52C9, 0x52C9, 0x20330001),
    (0x52CA, 0x52D1, 0x00330001),
    (0x52D2, 0x52D2, 0x20330001),
    (0x52D3, 0x52DD, 0x00330001),
    (0x52DE, 0x52DE, 0x20330001),
    (0x52DF, 0x52E3, 0x00330001),
    (0x52E4, 0x52E4, 0x20330001),
    (0x52E5, 0x52F4, 0x00330001),
    (0x52F5, 0x52F5, 0x20330001),
    (0x52F6, 0x52F9, 0x00330001),
    (0x52FA, 0x52FA, 0x20330001),
    (0x52FB, 0x5304, 0x00330001),
    (0x5305, 0x5306, 0x20330001),
    (0x5307, 0x5316, 0x00330001),
    (0x5317, 0x5317, 0x20330001),
    (0x5318, 0x533E, 0x00330001),
    (0x533F, 0x533F, 0x20330001),
    (0x5340, 0x5348, 0x00330001),
    (0x5349, 0x5349, 0x20330001),
    (0x534A, 0x5350, 0x00330001),
    (0x5351, 0x5351, 0x20330001),
    (0x5352, 0x5359, 0x00330001),
    (0x535A, 0x535A, 0x20330001),
    (0x535B, 0x5372, 0x00330001),
    (0x5373, 0x5373, 0x20330001),
    (0x5374, 0x5374, 0x00330001),
    (0x5375, 0x5375, 0x20330001),
    (0x5376, 0x537C, 0x00330001),
    (0x537D, 0x537D, 0x20330001),
    (0x537E, 0x537E, 0x00330001),
    (0x537F, 0x537F, 0x20330001),
    (0x5380, 0x53C2, 0x00330001),
    (0x53C3, 0x53C3, 0x20330001),
    (0x53C4, 0x53C9, 0x00330001),
    (0x53CA, 0x53CA, 0x20330001),
    (0x53CB, 0x53DE, 0x00330001),
    (0x53DF, 0x53DF, 0x20330001),
    (0x53E0, 0x53E4, 0x00330001),
    (0x53E5, 0x53E5, 0x20330001),
    (0x53E6, 0x53EA, 0x00330001),
    (0x53EB, 0x53EB, 0x20330001),
    (0x53EC, 0x53F0, 0x00330001),
    (0x53F1, 0x53F1, 0x20330001),
    (0x53F2, 0x5405, 0x00330001),
    (0x5406, 0x5406, 0x20330001),
    (0x5407, 0x540E, 0x00330001),
    (0x540F, 0x540F, 0x20330001),
    (0x5410, 0x541C, 0x00330001),
    (0x541D, 0x541D, 0x20330001),
    (0x541E, 0x5437, 0x00330001),
    (0x5438, 0x5438, 0x20330001),
    (0x5439, 0x5441, 0x00330001),
    (0x5442, 0x5442, 0x20330001),
    (0x5443, 0x5447, 0x00330001),
    (0x5448, 0x5448, 0x20330001),
    (0x5449, 0x5467, 0x00330001),
    (0x5468, 0x5468, 0x20330001),
    (0x5469, 0x549D, 0x00330001),
    (0x549E, 0x549E, 0x20330001),
    (0x549F, 0x54A1, 0x00330001),
    (0x54A2, 0x54A2, 0x20330001),
    (0x54A3, 0x54BC, 0x00330001),
    (0x54BD, 0x54BD, 0x20330001),
    (0x54BE, 0x54F5, 0x00330001),
    (0x54F6, 0x54F6, 0x20330001),
    (0x54F7, 0x550F, 0x00330001),
    (0x5510, 0x5510, 0x20330001),
    (0x5511, 0x5552, 0x00330001),
    (0x5553, 0x5553, 0x20330001),
    (0x5554, 0x5554, 0x00330001),
    (0x5555, 0x5555, 0x20330001),
    (0x5556, 0x5562, 0x00330001),
    (0x5563, 0x5563, 0x20330001),
    (0x5564, 0x5583, 0x00330001),
    (0x5584, 0x5584, 0x20330001),
    (0x5585, 0x5586, 0x00330001),
    (0x5587, 0x5587, 0x20330001),
    (0x5588, 0x5598, 0x00330001),
    (0x5599, 0x5599, 0x20330001),
    (0x559A, 0x559C, 0x00330001),
    (0x559D, 0x559D, 0x20330001),
    (0x559E, 0x55AA, 0x00330001),
    (0x55AB, 0x55AB, 0x20330001),
    (0x55AC, 0x55B2, 0x00330001),
    (0x55B3, 0x55B3, 0x20330001),
    (0x55B4, 0x55BF, 0x00330001),
    (0x55C0, 0x55C0, 0x20330001),
    (0x55C1, 0x55C1, 0x00330001),
    (0x55C2, 0x55C2, 0x20330001),
    (0x55C3, 0x55E1, 0x00330001),
    (0x55E2, 0x55E2, 0x20330001),
    (0x55E3, 0x5605, 0x00330001),
    (0x5606, 0x5606, 0x20330001),
    (0x5607, 0x5650, 0x00330001),
    (0x5651, 0x5651, 0x20330001),
    (0x5652, 0x5667, 0x00330001),
    (0x5668, 0x5668, 0x20330001),
    (0x5669, 0x5673, 0x00330001),
    (0x5674, 0x5674, 0x20330001),
    (0x5675, 0x56F8, 0x00330001),
    (0x56F9, 0x56F9, 0x20330001),
    (0x56FA, 0x5715, 0x00330001),
    (0x5716, 0x5717, 0x20330001),
    (0x5718, 0x578A, 0x00330001),
    (0x578B, 0x578B, 0x20330001),
    (0x578C, 0x57CD, 0x00330001),
    (0x57CE, 0x57CE, 0x20330001),
    (0x57CF, 0x57F3, 0x00330001),
    (0x57F4, 0x57F4, 0x20330001),
    (0x57F5, 0x580C, 0x00330001),
    (0x580D, 0x580D, 0x20330001),
    (0x580E, 0x5830, 0x00330001),
    (0x5831, 0x5832, 0x20330001),
    (0x5833, 0x583F, 0x00330001),
    (0x5840, 0x5840, 0x20330001),
    (0x5841, 0x5859, 0x00330001),
    (0x585A, 0x585A, 0x20330001),
    (0x585B, 0x585D, 0x00330001),
    (0x585E, 0x585E, 0x20330001),
    (0x585F, 0x58A7, 0x00330001),
    (0x58A8, 0x58A8, 0x20330001),
    (0x58A9, 0x58AB, 0x00330001),
    (0x58AC, 0x58AC, 0x20330001),
    (0x58AD, 0x58B2, 0x00330001),
    (0x58B3, 0x58B3, 0x20330001),
    (0x58B4, 0x58D7, 0x00330001),
    (0x58D8, 0x58D8, 0x20330001),
    (0x58D9, 0x58DE, 0x00330001),
    (0x58DF, 0x58DF, 0x20330001),
    (0x58E0, 0x58ED, 0x00330001),
    (0x58EE, 0x58EE, 0x20330001),
    (0x58EF, 0x58F1, 0x00330001),
    (0x58F2, 0x58F2, 0x20330001),
    (0x58F3, 0x58F6, 0x00330001),
    (0x58F7, 0x58F7, 0x20330001),
    (0x58F8, 0x5905, 0x00330001),
    (0x5906, 0x5906, 0x20330001),
    (0x5907, 0x5919, 0x00330001),
    (0x591A, 0x591A, 0x20330001),
    (0x591B, 0x5921, 0x00330001),
    (0x5922, 0x5922, 0x20330001),
    (0x5923, 0x5943, 0x00330001),
    (0x5944, 0x5944, 0x20330001),
    (0x5945, 0x5947, 0x00330001),
    (0x5948, 0x5948, 0x20330001),
    (0x5949, 0x5950, 0x00330001),
    (0x5951, 0x5951, 0x20330001),
    (0x5952, 0x5953, 0x00330001),
    (0x5954, 0x5954, 0x20330001),
    (0x5955, 0x5961, 0x00330001),
    (0x5962, 0x5962, 0x20330001),
    (0x5963, 0x5972, 0x00330001),
    (0x5973, 0x5973, 0x20330001),
    (0x5974, 0x59D7, 0x00330001),
    (0x59D8, 0x59D8, 0x20330001),
    (0x59D9, 0x59EB, 0x00330001),
    (0x59EC, 0x59EC, 0x20330001),
    (0x59ED, 0x5A1A, 0x00330001),
    (0x5A1B, 0x5A1B, 0x20330001),
    (0x5A1C, 0x5A26, 0x00330001),
    (0x5A27, 0x5A27, 0x20330001),
    (0x5A28, 0x5A61, 0x00330001),
    (0x5A62, 0x5A62, 0x20330001),
    (0x5A63, 0x5A65, 0x00330001),
    (0x5A66, 0x5A66, 0x20330001),
    (0x5A67, 0x5AB4, 0x00330001),
    (0x5AB5, 0x5AB5, 0x20330001),
    (0x5AB6, 0x5B07, 0x00330001),
    (0x5B08, 0x5B08, 0x20330001),
    (0x5B09, 0x5B27, 0x00330001),
    (0x5B28, 0x5B28, 0x20330001),
    (0x5B29, 0x5B3D, 0x00330001),
    (0x5B3E, 0x5B3E, 0x20330001),
    (0x5B3F, 0x5B84, 0x00330001),
    (0x5B85, 0x5B85, 0x20330001),
    (0x5B86, 0x5BC2, 0x00330001),
    (0x5BC3, 0x5BC3, 0x20330001),
    (0x5BC4, 0x5BD7, 0x00330001),
    (0x5BD8, 0x5BD8, 0x20330001),
    (0x5BD9, 0x5BE6, 0x00330001),
    (0x5BE7, 0x5BE7, 0x20330001),
    (0x5BE8, 0x5BED, 0x00330001),
    (0x5BEE, 0x5BEE, 0x20330001),
    (0x5BEF, 0x5BF2, 0x00330001),
    (0x5BF3, 0x5BF3, 0x20330001),
    (0x5BF4, 0x5BFE, 0x00330001),
    (0x5BFF, 0x5BFF, 0x20330001),
    (0x5C00, 0x5C05, 0x00330001),
    (0x5C06, 0x5C06, 0x20330001),
    (0x5C07, 0x5C21, 0x00330001),
    (0x5C22, 0x5C22, 0x20330001),
    (0x5C23, 0x5C3E, 0x00330001),
    (0x5C3F, 0x5C3F, 0x20330001),
    (0x5C40, 0x5C5F, 0x00330001),
    (0x5C60, 0x5C60, 0x20330001),
    (0x5C61, 0x5C61, 0x00330001),
    (0x5C62, 0x5C62, 0x20330001),
    (0x5C63, 0x5C63, 0x00330001),
    (0x5C64, 0x5C65, 0x20330001),
    (0x5C66, 0x5C6D, 0x00330001),
    (0x5C6E, 0x5C6E, 0x20330001),
    (0x5C6F, 0x5C8C, 0x00330001),
    (0x5C8D, 0x5C8D, 0x20330001),
    (0x5C8E, 0x5CBF, 0x00330001),
    (0x5CC0, 0x5CC0, 0x20330001),
    (0x5CC1, 0x5D18, 0x00330001),
    (0x5D19, 0x5D19, 0x20330001),
    (0x5D1A, 0x5D42, 0x00330001),
    (0x5D43, 0x5D43, 0x20330001),
    (0x5D44, 0x5D4F, 0x00330001),
    (0x5D50, 0x5D50, 0x20330001),
    (0x5D51, 0x5D6A, 0x00330001),
    (0x5D6B, 0x5D6B, 0x20330001),
    (0x5D6C, 0x5D6D, 0x00330001),
    (0x5D6E, 0x5D6E, 0x20330001),
    (0x5D6F, 0x5D7B, 0x00330001),
    (0x5D7C, 0x5D7C, 0x20330001),
    (0x5D7D, 0x5DB1, 0x00330001),
    (0x5DB2, 0x5DB2, 0x20330001),
    (0x5DB3, 0x5DB9, 0x00330001),
    (0x5DBA, 0x5DBA, 0x20330001),
    (0x5DBB, 0x5DE0, 0x00330001),
    (0x5DE1, 0x5DE2, 0x20330001),
    (0x5DE3, 0x5DFC, 0x00330001),
    (0x5DFD, 0x5DFD, 0x20330001),
    (0x5DFE, 0x5E27, 0x00330001),
    (0x5E28, 0x5E28, 0x20330001),
    (0x5E29, 0x5E3C, 0x00330001),
    (0x5E3D, 0x5E3D, 0x20330001),
    (0x5E3E, 0x5E68, 0x00330001),
    (0x5E69, 0x5E69, 0x20330001),
    (0x5E6A, 0x5E73, 0x00330001),
    (0x5E74, 0x5E74, 0x20330001),
    (0x5E75, 0x5EA5, 0x00330001),
    (0x5EA6, 0x5EA6, 0x20330001),
    (0x5EA7, 0x5EAF, 0x00330001),
    (0x5EB0, 0x5EB0, 0x20330001),
    (0x5EB1, 0x5EB2, 0x00330001),
    (0x5EB3, 0x5EB3, 0x20330001),
    (0x5EB4, 0x5EB5, 0x00330001),
    (0x5EB6, 0x5EB6, 0x20330001),
    (0x5EB7, 0x5EC8, 0x00330001),
    (0x5EC9, 0x5ECA, 0x20330001),
    (0x5ECB, 0x5ED1, 0x00330001),
    (0x5ED2, 0x5ED3, 0x20330001),
    (0x5ED4, 0x5ED8, 0x00330001),
    (0x5ED9, 0x5ED9, 0x20330001),
    (0x5EDA, 0x5EEB, 0x00330001),
    (0x5EEC, 0x5EEC, 0x20330001),
    (0x5EED, 0x5EFD, 0x00330001),
    (0x5EFE, 0x5EFE, 0x20330001),
    (0x5EFF, 0x5F03, 0x00330001),
    (0x5F04, 0x5F04, 0x20330001),
    (0x5F05, 0x5F21, 0x00330001),
    (0x5F22, 0x5F22, 0x20330001),
    (0x5F23, 0x5F52, 0x00330001),
    (0x5F53, 0x5F53, 0x20330001),
    (0x5F54, 0x5F61, 0x00330001),
    (0x5F62, 0x5F62, 0x20330001),
    (0x5F63, 0x5F68, 0x00330001),
    (0x5F69, 0x5F69, 0x20330001),
    (0x5F6A, 0x5F6A, 0x00330001),
    (0x5F6B, 0x5F6B, 0x20330001),
    (0x5F6C, 0x5F8A, 0x00330001),
    (0x5F8B, 0x5F8B, 0x20330001),
    (0x5F8C, 0x5F99, 0x00330001),
    (0x5F9A, 0x5F9A, 0x20330001),
    (0x5F9B, 0x5FA8, 0x00330001),
    (0x5FA9, 0x5FA9, 0x20330001),
    (0x5FAA, 0x5FAC, 0x00330001),
    (0x5FAD, 0x5FAD, 0x20330001),
    (0x5FAE, 0x5FCC, 0x00330001),
    (0x5FCD, 0x5FCD, 0x20330001),
    (0x5FCE, 0x5FD6, 0x00330001),
    (0x5FD7, 0x5FD7, 0x20330001),
    (0x5FD8, 0x5FF4, 0x00330001),
    (0x5FF5, 0x5FF5, 0x20330001),
    (0x5FF6, 0x5FF8, 0x00330001),
    (0x5FF9, 0x5FF9, 0x20330001),
    (0x5FFA, 0x6011, 0x00330001),
    (0x6012, 0x6012, 0x20330001),
    (0x6013, 0x601B, 0x00330001),
    (0x601C, 0x601C, 0x20330001),
    (0x601D, 0x6074, 0x00330001),
    (0x6075, 0x6075, 0x20330001),
    (0x6076, 0x6080, 0x00330001),
    (0x6081, 0x6081, 0x20330001),
    (0x6082, 0x6093, 0x00330001),
    (0x6094, 0x6094, 0x20330001),
    (0x6095, 0x60C6, 0x00330001),
    (0x60C7, 0x60C7, 0x20330001),
    (0x60C8, 0x60D7, 0x00330001),
    (0x60D8, 0x60D8, 0x20330001),
    (0x60D9, 0x60E0, 0x00330001),
    (0x60E1, 0x60E1, 0x20330001),
    (0x60E2, 0x6107, 0x00330001),
    (0x6108, 0x6108, 0x20330001),
    (0x6109, 0x6143, 0x00330001),
    (0x6144, 0x6144, 0x20330001),
    (0x6145, 0x6147, 0x00330001),
    (0x6148, 0x6148, 0x20330001),
    (0x6149, 0x614B, 0x00330001),
    (0x614C, 0x614C, 0x20330001),
    (0x614D, 0x614D, 0x00330001),
    (0x614E, 0x614E, 0x20330001),
    (0x614F, 0x615F, 0x00330001),
    (0x6160, 0x6160, 0x20330001),
    (0x6161, 0x6167, 0x00330001),
    (0x6168, 0x6168, 0x20330001),
    (0x6169, 0x6179, 0x00330001),
    (0x617A, 0x617A, 0x20330001),
    (0x617B, 0x618D, 0x00330001),
    (0x618E, 0x618E, 0x20330001),
    (0x618F, 0x618F, 0x00330001),
    (0x6190, 0x6190, 0x20330001),
    (0x6191, 0x61A3, 0x00330001),
    (0x61A4, 0x61A4, 0x20330001),
    (0x61A5, 0x61AE, 0x00330001),
    (0x61AF, 0x61AF, 0x20330001),
    (0x61B0, 0x61B1, 0x00330001),
    (0x61B2, 0x61B2, 0x20330001),
    (0x61B3, 0x61DD, 0x00330001),
    (0x61DE, 0x61DE, 0x20330001),
    (0x61DF, 0x61F1, 0x00330001),
    (0x61F2, 0x61F2, 0x20330001),
    (0x61F3, 0x61F5, 0x00330001),
    (0x61F6, 0x61F6, 0x20330001),
    (0x61F7, 0x61FF, 0x00330001),
    (0x6200, 0x6200, 0x20330001),
    (0x6201, 0x620F, 0x00330001),
    (0x6210, 0x6210, 0x20330001),
    (0x6211, 0x621A, 0x00330001),
    (0x621B, 0x621B, 0x20330001),
    (0x621C, 0x622D, 0x00330001),
    (0x622E, 0x622E, 0x20330001),
    (0x622F, 0x6233, 0x00330001),
    (0x6234, 0x6234, 0x20330001),
    (0x6235, 0x625C, 0x00330001),
    (0x625D, 0x625D, 0x20330001),
    (0x625E, 0x62B0, 0x00330001),
    (0x62B1, 0x62B1, 0x20330001),
    (0x62B2, 0x62C8, 0x00330001),
    (0x62C9, 0x62C9, 0x20330001),
    (0x62CA, 0x62CE, 0x00330001),
    (0x62CF, 0x62CF, 0x20330001),
    (0x62D0, 0x62D2, 0x00330001),
    (0x62D3, 0x62D4, 0x20330001),
    (0x62D5, 0x62FB, 0x00330001),
    (0x62FC, 0x62FC, 0x20330001),
    (0x62FD, 0x62FD, 0x00330001),
    (0x62FE, 0x62FE, 0x20330001),
    (0x62FF, 0x633C, 0x00330001),
    (0x633D, 0x633D, 0x20330001),
    (0x633E, 0x634F, 0x00330001),
    (0x6350, 0x6350, 0x20330001),
    (0x6351, 0x6367, 0x00330001),
    (0x6368, 0x6368, 0x20330001),
    (0x6369, 0x637A, 0x00330001),
    (0x637B, 0x637B, 0x20330001),
    (0x637C, 0x6382, 0x00330001),
    (0x6383, 0x6383, 0x20330001),
    (0x6384, 0x639F, 0x00330001),
    (0x63A0, 0x63A0, 0x20330001),
    (0x63A1, 0x63A8, 0x00330001),
    (0x63A9, 0x63A9, 0x20330001),
    (0x63AA, 0x63C3, 0x00330001),
    (0x63C4, 0x63C5, 0x20330001),
    (0x63C6, 0x63E3, 0x00330001),
    (0x63E4, 0x63E4, 0x20330001),
    (0x63E5, 0x641B, 0x00330001),
    (0x641C, 0x641C, 0x20330001),
    (0x641D, 0x6421, 0x00330001),
    (0x6422, 0x6422, 0x20330001),
    (0x6423, 0x6451, 0x00330001),
    (0x6452, 0x6452, 0x20330001),
    (0x6453, 0x6468, 0x00330001),
    (0x6469, 0x6469, 0x20330001),
    (0x646A, 0x6476, 0x00330001),
    (0x6477, 0x6477, 0x20330001),
    (0x6478, 0x647D, 0x00330001),
    (0x647E, 0x647E, 0x20330001),
    (0x647F, 0x6499, 0x00330001),
    (0x649A, 0x649A, 0x20330001),
    (0x649B, 0x649C, 0x00330001),
    (0x649D, 0x649D, 0x20330001),
    (0x649E, 0x64C3, 0x00330001),
    (0x64C4, 0x64C4, 0x20330001),
    (0x64C5, 0x654E, 0x00330001),
    (0x654F, 0x654F, 0x20330001),
    (0x6550, 0x6555, 0x00330001),
    (0x6556, 0x6556, 0x20330001),
    (0x6557, 0x656B, 0x00330001),
    (0x656C, 0x656C, 0x20330001),
    (0x656D, 0x6577, 0x00330001),
    (0x6578, 0x6578, 0x20330001),
    (0x6579, 0x6598, 0x00330001),
    (0x6599, 0x6599, 0x20330001),
    (0x659A, 0x65C4, 0x00330001),
    (0x65C5, 0x65C5, 0x20330001),
    (0x65C6, 0x65E1, 0x00330001),
    (0x65E2, 0x65E3, 0x20330001),
    (0x65E4, 0x6612, 0x00330001),
    (0x6613, 0x6613, 0x20330001),
    (0x6614, 0x6648, 0x00330001),
    (0x6649, 0x6649, 0x20330001),
    (0x664A, 0x6673, 0x00330001),
    (0x6674, 0x6674, 0x20330001),
    (0x6675, 0x6687, 0x00330001),
    (0x6688, 0x6688, 0x20330001),
    (0x6689, 0x6690, 0x00330001),
    (0x6691, 0x6691, 0x20330001),
    (0x6692, 0x669B, 0x00330001),
    (0x669C, 0x669C, 0x20330001),
    (0x669D, 0x66B3, 0x00330001),
    (0x66B4, 0x66B4, 0x20330001),
    (0x66B5, 0x66C5, 0x00330001),
    (0x66C6, 0x66C6, 0x20330001),
    (0x66C7, 0x66F3, 0x00330001),
    (0x66F4, 0x66F4, 0x20330001),
    (0x66F5, 0x66F7, 0x00330001),
    (0x66F8, 0x66F8, 0x20330001),
    (0x66F9, 0x66FF, 0x00330001),
    (0x6700, 0x6700, 0x20330001),
    (0x6701, 0x6716, 0x00330001),
    (0x6717, 0x6717, 0x20330001),
    (0x6718, 0x671A, 0x00330001),
    (0x671B, 0x671B, 0x20330001),
    (0x671C, 0x6720, 0x00330001),
    (0x6721, 0x6721, 0x20330001),
    (0x6722, 0x674D, 0x00330001),
    (0x674E, 0x674E, 0x20330001),
    (0x674F, 0x6752, 0x00330001),
    (0x6753, 0x6753, 0x20330001),
    (0x6754, 0x6755, 0x00330001),
    (0x6756, 0x6756, 0x20330001),
    (0x6757, 0x675D, 0x00330001),
    (0x675E, 0x675E, 0x20330001),
    (0x675F, 0x677A, 0x00330001),
    (0x677B, 0x677B, 0x20330001),
    (0x677C, 0x6784, 0x00330001),
    (0x6785, 0x6785, 0x20330001),
    (0x6786, 0x6796, 0x00330001),
    (0x6797, 0x6797, 0x20330001),
    (0x6798, 0x67F2, 0x00330001),
    (0x67F3, 0x67F3, 0x20330001),
    (0x67F4, 0x67F9, 0x00330001),
    (0x67FA, 0x67FA, 0x20330001),
    (0x67FB, 0x6816, 0x00330001),
    (0x6817, 0x6817, 0x20330001),
    (0x6818, 0x681E, 0x00330001),
    (0x681F, 0x681F, 0x20330001),
    (0x6820, 0x6851, 0x00330001),
    (0x6852, 0x6852, 0x20330001),
    (0x6853, 0x6880, 0x00330001),
    (0x6881, 0x6881, 0x20330001),
    (0x6882, 0x6884, 0x00330001),
    (0x6885, 0x6885, 0x20330001),
    (0x6886, 0x688D, 0x00330001),
    (0x688E, 0x688E, 0x20330001),
    (0x688F, 0x68A7, 0x00330001),
    (0x68A8, 0x68A8, 0x20330001),
    (0x68A9, 0x6913, 0x00330001),
    (0x6914, 0x6914, 0x20330001),
    (0x6915, 0x6941, 0x00330001),
    (0x6942, 0x6942, 0x20330001),
    (0x6943, 0x69A2, 0x00330001),
    (0x69A3, 0x69A3, 0x20330001),
    (0x69A4, 0x69E9, 0x00330001),
    (0x69EA, 0x69EA, 0x20330001),
    (0x69EB, 0x6A01, 0x00330001),
    (0x6A02, 0x6A02, 0x20330001),
    (0x6A03, 0x6A12, 0x00330001),
    (0x6A13, 0x6A13, 0x20330001),
    (0x6A14, 0x6AA7, 0x00330001),
    (0x6AA8, 0x6AA8, 0x20330001),
    (0x6AA9, 0x6AD2, 0x00330001),
    (0x6AD3, 0x6AD3, 0x20330001),
    (0x6AD4, 0x6ADA, 0x00330001),
    (0x6ADB, 0x6ADB, 0x20330001),
    (0x6ADC, 0x6B03, 0x00330001),
    (0x6B04, 0x6B04, 0x20330001),
    (0x6B05, 0x6B20, 0x00330001),
    (0x6B21, 0x6B21, 0x20330001),
    (0x6B22, 0x6B53, 0x00330001),
    (0x6B54, 0x6B54, 0x20330001),
    (0x6B55, 0x6B71, 0x00330001),
    (0x6B72, 0x6B72, 0x20330001),
    (0x6B73, 0x6B76, 0x00330001),
    (0x6B77, 0x6B77, 0x20330001),
    (0x6B78, 0x6B78, 0x00330001),
    (0x6B79, 0x6B79, 0x20330001),
    (0x6B7A, 0x6B9E, 0x00330001),
    (0x6B9F, 0x6B9F, 0x20330001),
    (0x6BA0, 0x6BAD, 0x00330001),
    (0x6BAE, 0x6BAE, 0x20330001),
    (0x6BAF, 0x6BB9, 0x00330001),
    (0x6BBA, 0x6BBB, 0x20330001),
    (0x6BBC, 0x6C4D, 0x00330001),
    (0x6C4E, 0x6C4E, 0x20330001),
    (0x6C4F, 0x6C66, 0x00330001),
    (0x6C67, 0x6C67, 0x20330001),
    (0x6C68, 0x6C87, 0x00330001),
    (0x6C88, 0x6C88, 0x20330001),
    (0x6C89, 0x6CBE, 0x00330001),
    (0x6CBF, 0x6CBF, 0x20330001),
    (0x6CC0, 0x6CCB, 0x00330001),
    (0x6CCC, 0x6CCD, 0x20330001),
    (0x6CCE, 0x6CE4, 0x00330001),
    (0x6CE5, 0x6CE5, 0x20330001),
    (0x6CE6, 0x6D15, 0x00330001),
    (0x6D16, 0x6D16, 0x20330001),
    (0x6D17, 0x6D1A, 0x00330001),
    (0x6D1B, 0x6D1B, 0x20330001),
    (0x6D1C, 0x6D1D, 0x00330001),
    (0x6D1E, 0x6D1E, 0x20330001),
    (0x6D1F, 0x6D33, 0x00330001),
    (0x6D34, 0x6D34, 0x20330001),
    (0x6D35, 0x6D3D, 0x00330001),
    (0x6D3E, 0x6D3E, 0x20330001),
    (0x6D3F, 0x6D40, 0x00330001),
    (0x6D41, 0x6D41, 0x20330001),
    (0x6D42, 0x6D68, 0x00330001),
    (0x6D69, 0x6D6A, 0x20330001),
    (0x6D6B, 0x6D76, 0x00330001),
    (0x6D77, 0x6D78, 0x20330001),
    (0x6D79, 0x6D84, 0x00330001),
    (0x6D85, 0x6D85, 0x20330001),
    (0x6D86, 0x6DCA, 0x00330001),
    (0x6DCB, 0x6DCB, 0x20330001),
    (0x6DCC, 0x6DD9, 0x00330001),
    (0x6DDA, 0x6DDA, 0x20330001),
    (0x6DDB, 0x6DE9, 0x00330001),
    (0x6DEA, 0x6DEA, 0x20330001),
    (0x6DEB, 0x6DF8, 0x00330001),
    (0x6DF9, 0x6DF9, 0x20330001),
    (0x6DFA, 0x6E19, 0x00330001),
    (0x6E1A, 0x6E1A, 0x20330001),
    (0x6E1B, 0x6E2E, 0x00330001),
    (0x6E2F, 0x6E2F, 0x20330001),
    (0x6E30, 0x6E6D, 0x00330001),
    (0x6E6E, 0x6E6E, 0x20330001),
    (0x6E6F, 0x6E9B, 0x00330001),
    (0x6E9C, 0x6E9C, 0x20330001),
    (0x6E9D, 0x6EB9, 0x00330001),
    (0x6EBA, 0x6EBA, 0x20330001),
    (0x6EBB, 0x6EC6, 0x00330001),
    (0x6EC7, 0x6EC7, 0x20330001),
    (0x6EC8, 0x6ECA, 0x00330001),
    (0x6ECB, 0x6ECB, 0x20330001),
    (0x6ECC, 0x6ED0, 0x00330001),
    (0x6ED1, 0x6ED1, 0x20330001),
    (0x6ED2, 0x6EDA, 0x00330001),
    (0x6EDB, 0x6EDB, 0x20330001),
    (0x6EDC, 0x6F0E, 0x00330001),
    (0x6F0F, 0x6F0F, 0x20330001),
    (0x6F10, 0x6F21, 0x00330001),
    (0x6F22, 0x6F23, 0x20330001),
    (0x6F24, 0x6F6D, 0x00330001),
    (0x6F6E, 0x6F6E, 0x20330001),
    (0x6F6F, 0x6FC5, 0x00330001),
    (0x6FC6, 0x6FC6, 0x20330001),
    (0x6FC7, 0x6FEA, 0x00330001),
    (0x6FEB, 0x6FEB, 0x20330001),
    (0x6FEC, 0x6FFD, 0x00330001),
    (0x6FFE, 0x6FFE, 0x20330001),
    (0x6FFF, 0x701A, 0x00330001),
    (0x701B, 0x701B, 0x20330001),
    (0x701C, 0x701D, 0x00330001),
    (0x701E, 0x701E, 0x20330001),
    (0x701F, 0x7038, 0x00330001),
    (0x7039, 0x7039, 0x20330001),
    (0x703A, 0x7049, 0x00330001),
    (0x704A, 0x704A, 0x20330001),
    (0x704B, 0x706F, 0x00330001),
    (0x7070, 0x7070, 0x20330001),
    (0x7071, 0x7076, 0x00330001),
    (0x7077, 0x7077, 0x20330001),
    (0x7078, 0x707C, 0x00330001),
    (0x707D, 0x707D, 0x20330001),
    (0x707E, 0x7098, 0x00330001),
    (0x7099, 0x7099, 0x20330001),
    (0x709A, 0x70AC, 0x00330001),
    (0x70AD, 0x70AD, 0x20330001),
    (0x70AE, 0x70C7, 0x00330001),
    (0x70C8, 0x70C8, 0x20330001),
    (0x70C9, 0x70D8, 0x00330001),
    (0x70D9, 0x70D9, 0x20330001),
    (0x70DA, 0x7144, 0x00330001),
    (0x7145, 0x7145, 0x20330001),
    (0x7146, 0x7148, 0x00330001),
    (0x7149, 0x7149, 0x20330001),
    (0x714A, 0x716D, 0x00330001),
    (0x716E, 0x716E, 0x20330001),
    (0x716F, 0x719B, 0x00330001),
    (0x719C, 0x719C, 0x20330001),
    (0x719D, 0x71CD, 0x00330001),
    (0x71CE, 0x71CE, 0x20330001),
    (0x71CF, 0x71CF, 0x00330001),
    (0x71D0, 0x71D0, 0x20330001),
    (0x71D1, 0x720F, 0x00330001),
    (0x7210, 0x7210, 0x20330001),
    (0x7211, 0x721A, 0x00330001),
    (0x721B, 0x721B, 0x20330001),
    (0x721C, 0x7227, 0x00330001),
    (0x7228, 0x7228, 0x20330001),
    (0x7229, 0x722A, 0x00330001),
    (0x722B, 0x722B, 0x20330001),
    (0x722C, 0x7234, 0x00330001),
    (0x7235, 0x7235, 0x20330001),
    (0x7236, 0x724F, 0x00330001),
    (0x7250, 0x7250, 0x20330001),
    (0x7251, 0x7261, 0x00330001),
    (0x7262, 0x7262, 0x20330001),
    (0x7263, 0x727F, 0x00330001),
    (0x7280, 0x7280, 0x20330001),
    (0x7281, 0x7294, 0x00330001),
    (0x7295, 0x7295, 0x20330001),
    (0x7296, 0x72AE, 0x00330001),
    (0x72AF, 0x72AF, 0x20330001),
    (0x72B0, 0x72BF, 0x00330001),
    (0x72C0, 0x72C0, 0x20330001),
    (0x72C1, 0x72FB, 0x00330001),
    (0x72FC, 0x72FC, 0x20330001),
    (0x72FD, 0x7329, 0x00330001),
    (0x732A, 0x732A, 0x20330001),
    (0x732B, 0x7374, 0x00330001),
    (0x7375, 0x7375, 0x20330001),
    (0x7376, 0x7379, 0x00330001),
    (0x737A, 0x737A, 0x20330001),
    (0x737B, 0x7386, 0x00330001),
    (0x7387, 0x7387, 0x20330001),
    (0x7388, 0x738A, 0x00330001),
    (0x738B, 0x738B, 0x20330001),
    (0x738C, 0x73A4, 0x00330001),
    (0x73A5, 0x73A5, 0x20330001),
    (0x73A6, 0x73B1, 0x00330001),
    (0x73B2, 0x73B2, 0x20330001),
    (0x73B3, 0x73DD, 0x00330001),
    (0x73DE, 0x73DE, 0x20330001),
    (0x73DF, 0x7405, 0x00330001),
    (0x7406, 0x7406, 0x20330001),
    (0x7407, 0x7408, 0x00330001),
    (0x7409, 0x7409, 0x20330001),
    (0x740A, 0x7421, 0x00330001),
    (0x7422, 0x7422, 0x20330001),
    (0x7423, 0x7446, 0x00330001),
    (0x7447, 0x7447, 0x20330001),
    (0x7448, 0x745B, 0x00330001),
    (0x745C, 0x745C, 0x20330001),
    (0x745D, 0x7468, 0x00330001),
    (0x7469, 0x7469, 0x20330001),
    (0x746A, 0x7470, 0x00330001),
    (0x7471, 0x7471, 0x20330001),
    (0x7472, 0x7484, 0x00330001),
    (0x7485, 0x7485, 0x20330001),
    (0x7486, 0x7488, 0x00330001),
    (0x7489, 0x7489, 0x20330001),
    (0x748A, 0x7497, 0x00330001),
    (0x7498, 0x7498, 0x20330001),
    (0x7499, 0x74C9, 0x00330001),
    (0x74CA, 0x74CA, 0x20330001),
    (0x74CB, 0x7505, 0x00330001),
    (0x7506, 0x7506, 0x20330001),
    (0x7507, 0x7523, 0x00330001),
    (0x7524, 0x7524, 0x20330001),
    (0x7525, 0x753A, 0x00330001),
    (0x753B, 0x753B, 0x20330001),
    (0x753C, 0x753D, 0x00330001),
    (0x753E, 0x753E, 0x20330001),
    (0x753F, 0x7558, 0x00330001),
    (0x7559, 0x7559, 0x20330001),
    (0x755A, 0x7564, 0x00330001),
    (0x7565, 0x7565, 0x20330001),
    (0x7566, 0x756F, 0x00330001),
    (0x7570, 0x7570, 0x20330001),
    (0x7571, 0x75E1, 0x00330001),
    (0x75E2, 0x75E2, 0x20330001),
    (0x75E3, 0x760F, 0x00330001),
    (0x7610, 0x7610, 0x20330001),
    (0x7611, 0x761C, 0x00330001),
    (0x761D, 0x761D, 0x20330001),
    (0x761E, 0x761E, 0x00330001),
    (0x761F, 0x761F, 0x20330001),
    (0x7620, 0x7641, 0x00330001),
    (0x7642, 0x7642, 0x20330001),
    (0x7643, 0x7668, 0x00330001),
    (0x7669, 0x7669, 0x20330001),
    (0x766A, 0x76C9, 0x00330001),
    (0x76CA, 0x76CA, 0x20330001),
    (0x76CB, 0x76DA, 0x00330001),
    (0x76DB, 0x76DB, 0x20330001),
    (0x76DC, 0x76E6, 0x00330001),
    (0x76E7, 0x76E7, 0x20330001),
    (0x76E8, 0x76F3, 0x00330001),
    (0x76F4, 0x76F4, 0x20330001),
    (0x76F5, 0x7700, 0x00330001),
    (0x7701, 0x7701, 0x20330001),
    (0x7702, 0x771D, 0x00330001),
    (0x771E, 0x771F, 0x20330001),
    (0x7720, 0x773F, 0x00330001),
    (0x7740, 0x7740, 0x20330001),
    (0x7741, 0x7749, 0x00330001),
    (0x774A, 0x774A, 0x20330001),
    (0x774B, 0x778A, 0x00330001),
    (0x778B, 0x778B, 0x20330001),
    (0x778C, 0x77A6, 0x00330001),
    (0x77A7, 0x77A7, 0x20330001),
    (0x77A8, 0x784D, 0x00330001),
    (0x784E, 0x784E, 0x20330001),
    (0x784F, 0x786A, 0x00330001),
    (0x786B, 0x786B, 0x20330001),
    (0x786C, 0x788B, 0x00330001),
    (0x788C, 0x788C, 0x20330001),
    (0x788D, 0x7890, 0x00330001),
    (0x7891, 0x7891, 0x20330001),
    (0x7892, 0x78C9, 0x00330001),
    (0x78CA, 0x78CA, 0x20330001),
    (0x78CB, 0x78CB, 0x00330001),
    (0x78CC, 0x78CC, 0x20330001),
    (0x78CD, 0x78FA, 0x00330001),
    (0x78FB, 0x78FB, 0x20330001),
    (0x78FC, 0x7929, 0x00330001),
    (0x792A, 0x792A, 0x20330001),
    (0x792B, 0x793B, 0x00330001),
    (0x793C, 0x793C, 0x20330001),
    (0x793D, 0x793D, 0x00330001),
    (0x793E, 0x793E, 0x20330001),
    (0x793F, 0x7947, 0x00330001),
    (0x7948, 0x7949, 0x20330001),
    (0x794A, 0x794F, 0x00330001),
    (0x7950, 0x7950, 0x20330001),
    (0x7951, 0x7955, 0x00330001),
    (0x7956, 0x7956, 0x20330001),
    (0x7957, 0x795C, 0x00330001),
    (0x795D, 0x795E, 0x20330001),
    (0x795F, 0x7964, 0x00330001),
    (0x7965, 0x7965, 0x20330001),
    (0x7966, 0x797E, 0x00330001),
    (0x797F, 0x797F, 0x20330001),
    (0x7980, 0x798C, 0x00330001),
    (0x798D, 0x798F, 0x20330001),
    (0x7990, 0x79AD, 0x00330001),
    (0x79AE, 0x79AE, 0x20330001),
    (0x79AF, 0x79C9, 0x00330001),
    (0x79CA, 0x79CA, 0x20330001),
    (0x79CB, 0x79EA, 0x00330001),
    (0x79EB, 0x79EB, 0x20330001),
    (0x79EC, 0x7A1B, 0x00330001),
    (0x7A1C, 0x7A1C, 0x20330001),
    (0x7A1D, 0x7A3F, 0x00330001),
    (0x7A40, 0x7A40, 0x20330001),
    (0x7A41, 0x7A49, 0x00330001),
    (0x7A4A, 0x7A4A, 0x20330001),
    (0x7A4B, 0x7A4E, 0x00330001),
    (0x7A4F, 0x7A4F, 0x20330001),
    (0x7A50, 0x7A80, 0x00330001),
    (0x7A81, 0x7A81, 0x20330001),
    (0x7A82, 0x7AB0, 0x00330001),
    (0x7AB1, 0x7AB1, 0x20330001),
    (0x7AB2, 0x7ACA, 0x00330001),
    (0x7ACB, 0x7ACB, 0x20330001),
    (0x7ACC, 0x7AED, 0x00330001),
    (0x7AEE, 0x7AEE, 0x20330001),
    (0x7AEF, 0x7B1F, 0x00330001),
    (0x7B20, 0x7B20, 0x20330001),
    (0x7B21, 0x7BBF, 0x00330001),
    (0x7BC0, 0x7BC0, 0x20330001),
    (0x7BC1, 0x7BC5, 0x00330001),
    (0x7BC6, 0x7BC6, 0x20330001),
    (0x7BC7, 0x7BC8, 0x00330001),
    (0x7BC9, 0x7BC9, 0x20330001),
    (0x7BCA, 0x7C3D, 0x00330001),
    (0x7C3E, 0x7C3E, 0x20330001),
    (0x7C3F, 0x7C5F, 0x00330001),
    (0x7C60, 0x7C60, 0x20330001),
    (0x7C61, 0x7C7A, 0x00330001),
    (0x7C7B, 0x7C7B, 0x20330001),
    (0x7C7C, 0x7C91, 0x00330001),
    (0x7C92, 0x7C92, 0x20330001),
    (0x7C93, 0x7CBD, 0x00330001),
    (0x7CBE, 0x7CBE, 0x20330001),
    (0x7CBF, 0x7CD1, 0x00330001),
    (0x7CD2, 0x7CD2, 0x20330001),
    (0x7CD3, 0x7CD5, 0x00330001),
    (0x7CD6, 0x7CD6, 0x20330001),
    (0x7CD7, 0x7CE2, 0x00330001),
    (0x7CE3, 0x7CE3, 0x20330001),
    (0x7CE4, 0x7CE6, 0x00330001),
    (0x7CE7, 0x7CE8, 0x20330001),
    (0x7CE9, 0x7CFF, 0x00330001),
    (0x7D00, 0x7D00, 0x20330001),
    (0x7D01, 0x7D0F, 0x00330001),
    (0x7D10, 0x7D10, 0x20330001),
    (0x7D11, 0x7D21, 0x00330001),
    (0x7D22, 0x7D22, 0x20330001),
    (0x7D23, 0x7D2E, 0x00330001),
    (0x7D2F, 0x7D2F, 0x20330001),
    (0x7D30, 0x7D5A, 0x00330001),
    (0x7D5B, 0x7D5B, 0x20330001),
    (0x7D5C, 0x7D62, 0x00330001),
    (0x7D63, 0x7D63, 0x20330001),
    (0x7D64, 0x7D9F, 0x00330001),
    (0x7DA0, 0x7DA0, 0x20330001),
    (0x7DA1, 0x7DBD, 0x00330001),
    (0x7DBE, 0x7DBE, 0x20330001),
    (0x7DBF, 0x7DC6, 0x00330001),
    (0x7DC7, 0x7DC7, 0x20330001),
    (0x7DC8, 0x7DF3, 0x00330001),
    (0x7DF4, 0x7DF4, 0x20330001),
    (0x7DF5, 0x7E01, 0x00330001),
    (0x7E02, 0x7E02, 0x20330001),
    (0x7E03, 0x7E08, 0x00330001),
    (0x7E09, 0x7E09, 0x20330001),
    (0x7E0A, 0x7E36, 0x00330001),
    (0x7E37, 0x7E37, 0x20330001),
    (0x7E38, 0x7E40, 0x00330001),
    (0x7E41, 0x7E41, 0x20330001),
    (0x7E42, 0x7E44, 0x00330001),
    (0x7E45, 0x7E45, 0x20330001),
    (0x7E46, 0x7F3D, 0x00330001),
    (0x7F3E, 0x7F3E, 0x20330001),
    (0x7F3F, 0x7F71, 0x00330001),
    (0x7F72, 0x7F72, 0x20330001),
    (0x7F73, 0x7F78, 0x00330001),
    (0x7F79, 0x7F7A, 0x20330001),
    (0x7F7B, 0x7F84, 0x00330001),
    (0x7F85, 0x7F85, 0x20330001),
    (0x7F86, 0x7F94, 0x00330001),
    (0x7F95, 0x7F95, 0x20330001),
    (0x7F96, 0x7F99, 0x00330001),
    (0x7F9A, 0x7F9A, 0x20330001),
    (0x7F9B, 0x7FBC, 0x00330001),
    (0x7FBD, 0x7FBD, 0x20330001),
    (0x7FBE, 0x7FF9, 0x00330001),
    (0x7FFA, 0x7FFA, 0x20330001),
    (0x7FFB, 0x8000, 0x00330001),
    (0x8001, 0x8001, 0x20330001),
    (0x8002, 0x8004, 0x00330001),
    (0x8005, 0x8005, 0x20330001),
    (0x8006, 0x8045, 0x00330001),
    (0x8046, 0x8046, 0x20330001),
    (0x8047, 0x805F, 0x00330001),
    (0x8060, 0x8060, 0x20330001),
    (0x8061, 0x806E, 0x00330001),
    (0x806F, 0x8070, 0x20330001),
    (0x8071, 0x807D, 0x00330001),
    (0x807E, 0x807E, 0x20330001),
    (0x807F, 0x808A, 0x00330001),
    (0x808B, 0x808B, 0x20330001),
    (0x808C, 0x80AC, 0x00330001),
    (0x80AD, 0x80AD, 0x20330001),
    (0x80AE, 0x80B1, 0x00330001),
    (0x80B2, 0x80B2, 0x20330001),
    (0x80B3, 0x8102, 0x00330001),
    (0x8103, 0x8103, 0x20330001),
    (0x8104, 0x813D, 0x00330001),
    (0x813E, 0x813E, 0x20330001),
    (0x813F, 0x81D7, 0x00330001),
    (0x81D8, 0x81D8, 0x20330001),
    (0x81D9, 0x81E7, 0x00330001),
    (0x81E8, 0x81E8, 0x20330001),
    (0x81E9, 0x81EC, 0x00330001),
    (0x81ED, 0x81ED, 0x20330001),
    (0x81EE, 0x8200, 0x00330001),
    (0x8201, 0x8201, 0x20330001),
    (0x8202, 0x8203, 0x00330001),
    (0x8204, 0x8204, 0x20330001),
    (0x8205, 0x8217, 0x00330001),
    (0x8218, 0x8218, 0x20330001),
    (0x8219, 0x826E, 0x00330001),
    (0x826F, 0x826F, 0x20330001),
    (0x8270, 0x8278, 0x00330001),
    (0x8279, 0x8279, 0x20330001),
    (0x827A, 0x828A, 0x00330001),
    (0x828B, 0x828B, 0x20330001),
    (0x828C, 0x8290, 0x00330001),
    (0x8291, 0x8291, 0x20330001),
    (0x8292, 0x829C, 0x00330001),
    (0x829D, 0x829D, 0x20330001),
    (0x829E, 0x82B0, 0x00330001),
    (0x82B1, 0x82B1, 0x20330001),
    (0x82B2, 0x82B2, 0x00330001),
    (0x82B3, 0x82B3, 0x20330001),
    (0x82B4, 0x82BC, 0x00330001),
    (0x82BD, 0x82BD, 0x20330001),
    (0x82BE, 0x82E4, 0x00330001),
    (0x82E5, 0x82E6, 0x20330001),
    (0x82E7, 0x831C, 0x00330001),
    (0x831D, 0x831D, 0x20330001),
    (0x831E, 0x8322, 0x00330001),
    (0x8323, 0x8323, 0x20330001),
    (0x8324, 0x8335, 0x00330001),
    (0x8336, 0x8336, 0x20330001),
    (0x8337, 0x8351, 0x00330001),
    (0x8352, 0x8353, 0x20330001),
    (0x8354, 0x8362, 0x00330001),
    (0x8363, 0x8363, 0x20330001),
    (0x8364, 0x83AC, 0x00330001),
    (0x83AD, 0x83AD, 0x20330001),
    (0x83AE, 0x83BC, 0x00330001),
    (0x83BD, 0x83BD, 0x20330001),
    (0x83BE, 0x83C8, 0x00330001),
    (0x83C9, 0x83CA, 0x20330001),
    (0x83CB, 0x83CB, 0x00330001),
    (0x83CC, 0x83CC, 0x20330001),
    (0x83CD, 0x83DB, 0x00330001),
    (0x83DC, 0x83DC, 0x20330001),
    (0x83DD, 0x83E6, 0x00330001),
    (0x83E7, 0x83E7, 0x20330001),
    (0x83E8, 0x83EE, 0x00330001),
    (0x83EF, 0x83EF, 0x20330001),
    (0x83F0, 0x83F0, 0x00330001),
    (0x83F1, 0x83F1, 0x20330001),
    (0x83F2, 0x843C, 0x00330001),
    (0x843D, 0x843D, 0x20330001),
    (0x843E, 0x8448, 0x00330001),
    (0x8449, 0x8449, 0x20330001),
    (0x844A, 0x8456, 0x00330001),
    (0x8457, 0x8457, 0x20330001),
    (0x8458, 0x84ED, 0x00330001),
    (0x84EE, 0x84EE, 0x20330001),
    (0x84EF, 0x84F0, 0x00330001),
    (0x84F1, 0x84F1, 0x20330001),
    (0x84F2, 0x84F2, 0x00330001),
    (0x84F3, 0x84F3, 0x20330001),
    (0x84F4, 0x84FB, 0x00330001),
    (0x84FC, 0x84FC, 0x20330001),
    (0x84FD, 0x8515, 0x00330001),
    (0x8516, 0x8516, 0x20330001),
    (0x8517, 0x8563, 0x00330001),
    (0x8564, 0x8564, 0x20330001),
    (0x8565, 0x85CC, 0x00330001),
    (0x85CD, 0x85CD, 0x20330001),
    (0x85CE, 0x85F9, 0x00330001),
    (0x85FA, 0x85FA, 0x20330001),
    (0x85FB, 0x8605, 0x00330001),
    (0x8606, 0x8606, 0x20330001),
    (0x8607, 0x8611, 0x00330001),
    (0x8612, 0x8612, 0x20330001),
    (0x8613, 0x862C, 0x00330001),
    (0x862D, 0x862D, 0x20330001),
    (0x862E, 0x863E, 0x00330001),
    (0x863F, 0x863F, 0x20330001),
    (0x8640, 0x864F, 0x00330001),
    (0x8650, 0x8650, 0x20330001),
    (0x8651, 0x865B, 0x00330001),
    (0x865C, 0x865C, 0x20330001),
    (0x865D, 0x8666, 0x00330001),
    (0x8667, 0x8667, 0x20330001),
    (0x8668, 0x8668, 0x00330001),
    (0x8669, 0x8669, 0x20330001),
    (0x866A, 0x8687, 0x00330001),
    (0x8688, 0x8688, 0x20330001),
    (0x8689, 0x86A8, 0x00330001),
    (0x86A9, 0x86A9, 0x20330001),
    (0x86AA, 0x86E1, 0x00330001),
    (0x86E2, 0x86E2, 0x20330001),
    (0x86E3, 0x870D, 0x00330001),
    (0x870E, 0x870E, 0x20330001),
    (0x870F, 0x8727, 0x00330001),
    (0x8728, 0x8728, 0x20330001),
    (0x8729, 0x876A, 0x00330001),
    (0x876B, 0x876B, 0x20330001),
    (0x876C, 0x8778, 0x00330001),
    (0x8779, 0x8779, 0x20330001),
    (0x877A, 0x8785, 0x00330001),
    (0x8786, 0x8786, 0x20330001),
    (0x8787, 0x87B9, 0x00330001),
    (0x87BA, 0x87BA, 0x20330001),
    (0x87BB, 0x87E0, 0x00330001),
    (0x87E1, 0x87E1, 0x20330001),
    (0x87E2, 0x8800, 0x00330001),
    (0x8801, 0x8801, 0x20330001),
    (0x8802, 0x881E, 0x00330001),
    (0x881F, 0x881F, 0x20330001),
    (0x8820, 0x884B, 0x00330001),
    (0x884C, 0x884C, 0x20330001),
    (0x884D, 0x885F, 0x00330001),
    (0x8860, 0x8860, 0x20330001),
    (0x8861, 0x8862, 0x00330001),
    (0x8863, 0x8863, 0x20330001),
    (0x8864, 0x88C1, 0x00330001),
    (0x88C2, 0x88C2, 0x20330001),
    (0x88C3, 0x88CE, 0x00330001),
    (0x88CF, 0x88CF, 0x20330001),
    (0x88D0, 0x88D6, 0x00330001),
    (0x88D7, 0x88D7, 0x20330001),
    (0x88D8, 0x88DD, 0x00330001),
    (0x88DE, 0x88DE, 0x20330001),
    (0x88DF, 0x88E0, 0x00330001),
    (0x88E1, 0x88E1, 0x20330001),
    (0x88E2, 0x88F7, 0x00330001),
    (0x88F8, 0x88F8, 0x20330001),
    (0x88F9, 0x88F9, 0x00330001),
    (0x88FA, 0x88FA, 0x20330001),
    (0x88FB, 0x890F, 0x00330001),
    (0x8910, 0x8910, 0x20330001),
    (0x8911, 0x8940, 0x00330001),
    (0x8941, 0x8941, 0x20330001),
    (0x8942, 0x8963, 0x00330001),
    (0x8964, 0x8964, 0x20330001),
    (0x8965, 0x8985, 0x00330001),
    (0x8986, 0x8986, 0x20330001),
    (0x8987, 0x898A, 0x00330001),
    (0x898B, 0x898B, 0x20330001),
    (0x898C, 0x8995, 0x00330001),
    (0x8996, 0x8996, 0x20330001),
    (0x8997, 0x8A9F, 0x00330001),
    (0x8AA0, 0x8AA0, 0x20330001),
    (0x8AA1, 0x8AA9, 0x00330001),
    (0x8AAA, 0x8AAA, 0x20330001),
    (0x8AAB, 0x8ABE, 0x00330001),
    (0x8ABF, 0x8ABF, 0x20330001),
    (0x8AC0, 0x8ACA, 0x00330001),
    (0x8ACB, 0x8ACB, 0x20330001),
    (0x8ACC, 0x8AD1, 0x00330001),
    (0x8AD2, 0x8AD2, 0x20330001),
    (0x8AD3, 0x8AD5, 0x00330001),
    (0x8AD6, 0x8AD6, 0x20330001),
    (0x8AD7, 0x8AEC, 0x00330001),
    (0x8AED, 0x8AED, 0x20330001),
    (0x8AEE, 0x8AF7, 0x00330001),
    (0x8AF8, 0x8AF8, 0x20330001),
    (0x8AF9, 0x8AFD, 0x00330001),
    (0x8AFE, 0x8AFE, 0x20330001),
    (0x8AFF, 0x8B00, 0x00330001),
    (0x8B01, 0x8B01, 0x20330001),
    (0x8B02, 0x8B38, 0x00330001),
    (0x8B39, 0x8B39, 0x20330001),
    (0x8B3A, 0x8B57, 0x00330001),
    (0x8B58, 0x8B58, 0x20330001),
    (0x8B59, 0x8B7F, 0x00330001),
    (0x8B80, 0x8B80, 0x20330001),
    (0x8B81, 0x8B89, 0x00330001),
    (0x8B8A, 0x8B8A, 0x20330001),
    (0x8B8B, 0x8C47, 0x00330001),
    (0x8C48, 0x8C48, 0x20330001),
    (0x8C49, 0x8C54, 0x00330001),
    (0x8C55, 0x8C55, 0x20330001),
    (0x8C56, 0x8CAA, 0x00330001),
    (0x8CAB, 0x8CAB, 0x20330001),
    (0x8CAC, 0x8CC0, 0x00330001),
    (0x8CC1, 0x8CC2, 0x20330001),
    (0x8CC3, 0x8CC7, 0x00330001),
    (0x8CC8, 0x8CC8, 0x20330001),
    (0x8CC9, 0x8CD2, 0x00330001),
    (0x8CD3, 0x8CD3, 0x20330001),
    (0x8CD4, 0x8D07, 0x00330001),
    (0x8D08, 0x8D08, 0x20330001),
    (0x8D09, 0x8D1A, 0x00330001),
    (0x8D1B, 0x8D1B, 0x20330001),
    (0x8D1C, 0x8D76, 0x00330001),
    (0x8D77, 0x8D77, 0x20330001),
    (0x8D78, 0x8DBB, 0x00330001),
    (0x8DBC, 0x8DBC, 0x20330001),
    (0x8DBD, 0x8DCA, 0x00330001),
    (0x8DCB, 0x8DCB, 0x20330001),
    (0x8DCC, 0x8DEE, 0x00330001),
    (0x8DEF, 0x8DF0, 0x20330001),
    (0x8DF1, 0x8EC9, 0x00330001),
    (0x8ECA, 0x8ECA, 0x20330001),
    (0x8ECB, 0x8ED3, 0x00330001),
    (0x8ED4, 0x8ED4, 0x20330001),
    (0x8ED5, 0x8F25, 0x00330001),
    (0x8F26, 0x8F26, 0x20330001),
    (0x8F27, 0x8F29, 0x00330001),
    (0x8F2A, 0x8F2A, 0x20330001),
    (0x8F2B, 0x8F37, 0x00330001),
    (0x8F38, 0x8F38, 0x20330001),
    (0x8F39, 0x8F3A, 0x00330001),
    (0x8F3B, 0x8F3B, 0x20330001),
    (0x8F3C, 0x8F61, 0x00330001),
    (0x8F62, 0x8F62, 0x20330001),
    (0x8F63, 0x8F9D, 0x00330001),
    (0x8F9E, 0x8F9E, 0x20330001),
    (0x8F9F, 0x8FAF, 0x00330001),
    (0x8FB0, 0x8FB0, 0x20330001),
    (0x8FB1, 0x8FB5, 0x00330001),
    (0x8FB6, 0x8FB6, 0x20330001),
    (0x8FB7, 0x9022, 0x00330001),
    (0x9023, 0x9023, 0x20330001),
    (0x9024, 0x9037, 0x00330001),
    (0x9038, 0x9038, 0x20330001),
    (0x9039, 0x9071, 0x00330001),
    (0x9072, 0x9072, 0x20330001),
    (0x9073, 0x907B, 0x00330001),
    (0x907C, 0x907C, 0x20330001),
    (0x907D, 0x908E, 0x00330001),
    (0x908F, 0x908F, 0x20330001),
    (0x9090, 0x9093, 0x00330001),
    (0x9094, 0x9094, 0x20330001),
    (0x9095, 0x90CD, 0x00330001),
    (0x90CE, 0x90CE, 0x20330001),
    (0x90CF, 0x90DD, 0x00330001),
    (0x90DE, 0x90DE, 0x20330001),
    (0x90DF, 0x90F0, 0x00330001),
    (0x90F1, 0x90F1, 0x20330001),
    (0x90F2, 0x90FC, 0x00330001),
    (0x90FD, 0x90FD, 0x20330001),
    (0x90FE, 0x9110, 0x00330001),
    (0x9111, 0x9111, 0x20330001),
    (0x9112, 0x911A, 0x00330001),
    (0x911B, 0x911B, 0x20330001),
    (0x911C, 0x9169, 0x00330001),
    (0x916A, 0x916A, 0x20330001),
    (0x916B, 0x9198, 0x00330001),
    (0x9199, 0x9199, 0x20330001),
    (0x919A, 0x91B3, 0x00330001),
    (0x91B4, 0x91B4, 0x20330001),
    (0x91B5, 0x91CB, 0x00330001),
    (0x91CC, 0x91CC, 0x20330001),
    (0x91CD, 0x91CE, 0x00330001),
    (0x91CF, 0x91CF, 0x20330001),
    (0x91D0, 0x91D0, 0x00330001),
    (0x91D1, 0x91D1, 0x20330001),
    (0x91D2, 0x9233, 0x00330001),
    (0x9234, 0x9234, 0x20330001),
    (0x9235, 0x9237, 0x00330001),
    (0x9238, 0x9238, 0x20330001),
    (0x9239, 0x9275, 0x00330001),
    (0x9276, 0x9276, 0x20330001),
    (0x9277, 0x927B, 0x00330001),
    (0x927C, 0x927C, 0x20330001),
    (0x927D, 0x92D6, 0x00330001),
    (0x92D7, 0x92D8, 0x20330001),
    (0x92D9, 0x9303, 0x00330001),
    (0x9304, 0x9304, 0x20330001),
    (0x9305, 0x9349, 0x00330001),
    (0x934A, 0x934A, 0x20330001),
    (0x934B, 0x93F8, 0x00330001),
    (0x93F9, 0x93F9, 0x20330001),
    (0x93FA, 0x9414, 0x00330001),
    (0x9415, 0x9415, 0x20330001),
    (0x9416, 0x958A, 0x00330001),
    (0x958B, 0x958B, 0x20330001),
    (0x958C, 0x95AC, 0x00330001),
    (0x95AD, 0x95AD, 0x20330001),
    (0x95AE, 0x95B6, 0x00330001),
    (0x95B7, 0x95B7, 0x20330001),
    (0x95B8, 0x962D, 0x00330001),
    (0x962E, 0x962E, 0x20330001),
    (0x962F, 0x964A, 0x00330001),
    (0x964B, 0x964B, 0x20330001),
    (0x964C, 0x964C, 0x00330001),
    (0x964D, 0x964D, 0x20330001),
    (0x964E, 0x9674, 0x00330001),
    (0x9675, 0x9675, 0x20330001),
    (0x9676, 0x9677, 0x00330001),
    (0x9678, 0x9678, 0x20330001),
    (0x9679, 0x967B, 0x00330001),
    (0x967C, 0x967C, 0x20330001),
    (0x967D, 0x9685, 0x00330001),
    (0x9686, 0x9686, 0x20330001),
    (0x9687, 0x96A2, 0x00330001),
    (0x96A3, 0x96A3, 0x20330001),
    (0x96A4, 0x96B6, 0x00330001),
    (0x96B7, 0x96B8, 0x20330001),
    (0x96B9, 0x96C2, 0x00330001),
    (0x96C3, 0x96C3, 0x20330001),
    (0x96C4, 0x96E1, 0x00330001),
    (0x96E2, 0x96E3, 0x20330001),
    (0x96E4, 0x96F5, 0x00330001),
    (0x96F6, 0x96F7, 0x20330001),
    (0x96F8, 0x9722, 0x00330001),
    (0x9723, 0x9723, 0x20330001),
    (0x9724, 0x9731, 0x00330001),
    (0x9732, 0x9732, 0x20330001),
    (0x9733, 0x9747, 0x00330001),
    (0x9748, 0x9748, 0x20330001),
    (0x9749, 0x9755, 0x00330001),
    (0x9756, 0x9756, 0x20330001),
    (0x9757, 0x97DA, 0x00330001),
    (0x97DB, 0x97DB, 0x20330001),
    (0x97DC, 0x97DF, 0x00330001),
    (0x97E0, 0x97E0, 0x20330001),
    (0x97E1, 0x97FE, 0x00330001),
    (0x97FF, 0x97FF, 0x20330001),
    (0x9800, 0x980A, 0x00330001),
    (0x980B, 0x980B, 0x20330001),
    (0x980C, 0x9817, 0x00330001),
    (0x9818, 0x9818, 0x20330001),
    (0x9819, 0x9828, 0x00330001),
    (0x9829, 0x9829, 0x20330001),
    (0x982A, 0x983A, 0x00330001),
    (0x983B, 0x983B, 0x20330001),
    (0x983C, 0x985D, 0x00330001),
    (0x985E, 0x985E, 0x20330001),
    (0x985F, 0x98E1, 0x00330001),
    (0x98E2, 0x98E2, 0x20330001),
    (0x98E3, 0x98EE, 0x00330001),
    (0x98EF, 0x98EF, 0x20330001),
    (0x98F0, 0x98FB, 0x00330001),
    (0x98FC, 0x98FC, 0x20330001),
    (0x98FD, 0x9927, 0x00330001),
    (0x9928, 0x9929, 0x20330001),
    (0x992A, 0x99A6, 0x00330001),
    (0x99A7, 0x99A7, 0x20330001),
    (0x99A8, 0x99C1, 0x00330001),
    (0x99C2, 0x99C2, 0x20330001),
    (0x99C3, 0x99F0, 0x00330001),
    (0x99F1, 0x99F1, 0x20330001),
    (0x99F2, 0x99FD, 0x00330001),
    (0x99FE, 0x99FE, 0x20330001),
    (0x99FF, 0x9A69, 0x00330001),
    (0x9A6A, 0x9A6A, 0x20330001),
    (0x9A6B, 0x9B11, 0x00330001),
    (0x9B12, 0x9B12, 0x20330001),
    (0x9B13, 0x9B6E, 0x00330001),
    (0x9B6F, 0x9B6F, 0x20330001),
    (0x9B70, 0x9C3F, 0x00330001),
    (0x9C40, 0x9C40, 0x20330001),
    (0x9C41, 0x9C56, 0x00330001),
    (0x9C57, 0x9C57, 0x20330001),
    (0x9C58, 0x9CFC, 0x00330001),
    (0x9CFD, 0x9CFD, 0x20330001),
    (0x9CFE, 0x9D66, 0x00330001),
    (0x9D67, 0x9D67, 0x20330001),
    (0x9D68, 0x9DB3, 0x00330001),
    (0x9DB4, 0x9DB4, 0x20330001),
    (0x9DB5, 0x9DF9, 0x00330001),
    (0x9DFA, 0x9DFA, 0x20330001),
    (0x9DFB, 0x9E1D, 0x00330001),
    (0x9E1E, 0x9E1E, 0x20330001),
    (0x9E1F, 0x9E7E, 0x00330001),
    (0x9E7F, 0x9E7F, 0x20330001),
    (0x9E80, 0x9E96, 0x00330001),
    (0x9E97, 0x9E97, 0x20330001),
    (0x9E98, 0x9E9E, 0x00330001),
    (0x9E9F, 0x9E9F, 0x20330001),
    (0x9EA0, 0x9EBA, 0x00330001),
    (0x9EBB, 0x9EBB, 0x20330001),
    (0x9EBC, 0x9ECD, 0x00330001),
    (0x9ECE, 0x9ECE, 0x20330001),
    (0x9ECF, 0x9EF8, 0x00330001),
    (0x9EF9, 0x9EF9, 0x20330001),
    (0x9EFA, 0x9EFD, 0x00330001),
    (0x9EFE, 0x9EFE, 0x20330001),
    (0x9EFF, 0x9F04, 0x00330001),
    (0x9F05, 0x9F05, 0x20330001),
    (0x9F06, 0x9F0E, 0x00330001),
    (0x9F0F, 0x9F0F, 0x20330001),
    (0x9F10, 0x9F15, 0x00330001),
    (0x9F16, 0x9F16, 0x20330001),
    (0x9F17, 0x9F3A, 0x00330001),
    (0x9F3B, 0x9F3B, 0x20330001),
    (0x9F3C, 0x9F42, 0x00330001),
    (0x9F43, 0x9F43, 0x20330001),
    (0x9F44, 0x9F8C, 0x00330001),
    (0x9F8D, 0x9F8E, 0x20330001),
    (0x9F8F, 0x9F9B, 0x00330001),
    (0x9F9C, 0x9F9C, 0x20330001),
    (0x9F9D, 0x9FFF, 0x00330001),
    (0xA000, 0xA48C, 0x00AB0001),
    (0xA490, 0xA4C6, 0x00AB8000),
    (0xA4D0, 0xA4FD, 0x004F0001),
    (0xA4FE, 0xA4FE, 0x014F4000),
    (0xA4FF, 0xA4FF, 0x014F4080),
    (0xA500, 0xA60C, 0x00A40001),
    (0xA60D, 0xA60D, 0x01A44000),
    (0xA60E, 0xA60F, 0x01A44080),
    (0xA610, 0xA61F, 0x00A40001),
    (0xA620, 0xA629, 0x00A40030),
    (0xA62A, 0xA62B, 0x00A40001),
    (0xA640, 0xA640, 0x001D0005),
    (0xA641, 0xA641, 0x001D0003),
    (0xA642, 0xA642, 0x001D0005),
    (0xA643, 0xA643, 0x001D0003),
    (0xA644, 0xA644, 0x001D0005),
    (0xA645, 0xA645, 0x001D0003),
    (0xA646, 0xA646, 0x001D0005),
    (0xA647, 0xA647, 0x001D0003),
    (0xA648, 0xA648, 0x001D0005),
    (0xA649, 0xA649, 0x001D0003),
    (0xA64A, 0xA64A, 0x001D0005),
    (0xA64B, 0xA64B, 0x001D0003),
    (0xA64C, 0xA64C, 0x001D0005),
    (0xA64D, 0xA64D, 0x001D0003),
    (0xA64E, 0xA64E, 0x001D0005),
    (0xA64F, 0xA64F, 0x001D0003),
    (0xA650, 0xA650, 0x001D0005),
    (0xA651, 0xA651, 0x001D0003),
    (0xA652, 0xA652, 0x001D0005),
    (0xA653, 0xA653, 0x001D0003),
    (0xA654, 0xA654, 0x001D0005),
    (0xA655, 0xA655, 0x001D0003),
    (0xA656, 0xA656, 0x001D0005),
    (0xA657, 0xA657, 0x001D0003),
    (0xA658, 0xA658, 0x001D0005),
    (0xA659, 0xA659, 0x001D0003),
    (0xA65A, 0xA65A, 0x001D0005),
    (0xA65B, 0xA65B, 0x001D0003),
    (0xA65C, 0xA65C, 0x001D0005),
    (0xA65D, 0xA65D, 0x001D0003),
    (0xA65E, 0xA65E, 0x001D0005),
    (0xA65F, 0xA65F, 0x001D0003),
    (0xA660, 0xA660, 0x001D0005),
    (0xA661, 0xA661, 0x001D0003),
    (0xA662, 0xA662, 0x001D0005),
    (0xA663, 0xA663, 0x001D0003),
    (0xA664, 0xA664, 0x001D0005),
    (0xA665, 0xA665, 0x001D0003),
    (0xA666, 0xA666, 0x001D0005),
    (0xA667, 0xA667, 0x001D0003),
    (0xA668, 0xA668, 0x001D0005),
    (0xA669, 0xA669, 0x001D0003),
    (0xA66A, 0xA66A, 0x001D0005),
    (0xA66B, 0xA66B, 0x001D0003),
    (0xA66C, 0xA66C, 0x001D0005),
    (0xA66D, 0xA66D, 0x001D0003),
    (0xA66E, 0xA66E, 0x001D0001),
    (0xA66F, 0xA66F, 0x601D3100),
    (0xA670, 0xA672, 0x401D3100),
    (0xA673, 0xA673, 0x011D4000),
    (0xA674, 0xA67B, 0x601D3101),
    (0xA67C, 0xA67D, 0x601D3100),
    (0xA67E, 0xA67E, 0x011D4000),
    (0xA67F, 0xA67F, 0x001D0001),
    (0xA680, 0xA680, 0x001D0005),
    (0xA681, 0xA681, 0x001D0003),
    (0xA682, 0xA682, 0x001D0005),
    (0xA683, 0xA683, 0x001D0003),
    (0xA684, 0xA684, 0x001D0005),
    (0xA685, 0xA685, 0x001D0003),
    (0xA686, 0xA686, 0x001D0005),
    (0xA687, 0xA687, 0x001D0003),
    (0xA688, 0xA688, 0x001D0005),
    (0xA689, 0xA689, 0x001D0003),
    (0xA68A, 0xA68A, 0x001D0005),
    (0xA68B, 0xA68B, 0x001D0003),
    (0xA68C, 0xA68C, 0x001D0005),
    (0xA68D, 0xA68D, 0x001D0003),
    (0xA68E, 0xA68E, 0x001D0005),
    (0xA68F, 0xA68F, 0x001D0003),
    (0xA690, 0xA690, 0x001D0005),
    (0xA691, 0xA691, 0x001D0003),
    (0xA692, 0xA692, 0x001D0005),
    (0xA693, 0xA693, 0x001D0003),
    (0xA694, 0xA694, 0x001D0005),
    (0xA695, 0xA695, 0x001D0003),
    (0xA696, 0xA696, 0x001D0005),
    (0xA697, 0xA697, 0x001D0003),
    (0xA698, 0xA698, 0x001D0005),
    (0xA699, 0xA699, 0x001D0003),
    (0xA69A, 0xA69A, 0x001D0005),
    (0xA69B, 0xA69D, 0x001D0003),
    (0xA69E, 0xA69F, 0x601D3101),
    (0xA6A0, 0xA6E5, 0x00090001),
    (0xA6E6, 0xA6EF, 0x00090011),
    (0xA6F0, 0xA6F1, 0x60093100),
    (0xA6F2, 0xA6F2, 0x01094000),
    (0xA6F3, 0xA6F3, 0x01094080),
    (0xA6F4, 0xA6F6, 0x01094000),
    (0xA6F7, 0xA6F7, 0x01094080),
    (0xA700, 0xA716, 0x00008000),
    (0xA717, 0xA71F, 0x00000001),
    (0xA720, 0xA721, 0x00008000),
    (0xA722, 0xA722, 0x004A0005),
    (0xA723, 0xA723, 0x004A0003),
    (0xA724, 0xA724, 0x004A0005),
    (0xA725, 0xA725, 0x004A0003),
    (0xA726, 0xA726, 0x004A0005),
    (0xA727, 0xA727, 0x004A0003),
    (0xA728, 0xA728, 0x004A0005),
    (0xA729, 0xA729, 0x004A0003),
    (0xA72A, 0xA72A, 0x004A0005),
    (0xA72B, 0xA72B, 0x004A0003),
    (0xA72C, 0xA72C, 0x004A0005),
    (0xA72D, 0xA72D, 0x004A0003),
    (0xA72E, 0xA72E, 0x004A0005),
    (0xA72F, 0xA731, 0x004A0003),
    (0xA732, 0xA732, 0x004A0005),
    (0xA733, 0xA733, 0x004A0003),
    (0xA734, 0xA734, 0x004A0005),
    (0xA735, 0xA735, 0x004A0003),
    (0xA736, 0xA736, 0x004A0005),
    (0xA737, 0xA737, 0x004A0003),
    (0xA738, 0xA738, 0x004A0005),
    (0xA739, 0xA739, 0x004A0003),
    (0xA73A, 0xA73A, 0x004A0005),
    (0xA73B, 0xA73B, 0x004A0003),
    (0xA73C, 0xA73C, 0x004A0005),
    (0xA73D, 0xA73D, 0x004A0003),
    (0xA73E, 0xA73E, 0x004A0005),
    (0xA73F, 0xA73F, 0x004A0003),
    (0xA740, 0xA740, 0x004A0005),
    (0xA741, 0xA741, 0x004A0003),
    (0xA742, 0xA742, 0x004A0005),
    (0xA743, 0xA743, 0x004A0003),
    (0xA744, 0xA744, 0x004A0005),
    (0xA745, 0xA745, 0x004A0003),
    (0xA746, 0xA746, 0x004A0005),
    (0xA747, 0xA747, 0x004A0003),
    (0xA748, 0xA748, 0x004A0005),
    (0xA749, 0xA749, 0x004A0003),
    (0xA74A, 0xA74A, 0x004A0005),
    (0xA74B, 0xA74B, 0x004A0003),
    (0xA74C, 0xA74C, 0x004A0005),
    (0xA74D, 0xA74D, 0x004A0003),
    (0xA74E, 0xA74E, 0x004A0005),
    (0xA74F, 0xA74F, 0x004A0003),
    (0xA750, 0xA750, 0x004A0005),
    (0xA751, 0xA751, 0x004A0003),
    (0xA752, 0xA752, 0x004A0005),
    (0xA753, 0xA753, 0x004A0003),
    (0xA754, 0xA754, 0x004A0005),
    (0xA755, 0xA755, 0x004A0003),
    (0xA756, 0xA756, 0x004A0005),
    (0xA757, 0xA757, 0x004A0003),
    (0xA758, 0xA758, 0x004A0005),
    (0xA759, 0xA759, 0x004A0003),
    (0xA75A, 0xA75A, 0x004A0005),
    (0xA75B, 0xA75B, 0x004A0003),
    (0xA75C, 0xA75C, 0x004A0005),
    (0xA75D, 0xA75D, 0x004A0003),
    (0xA75E, 0xA75E, 0x004A0005),
    (0xA75F, 0xA75F, 0x004A0003),
    (0xA760, 0xA760, 0x004A0005),
    (0xA761, 0xA761, 0x004A0003),
    (0xA762, 0xA762, 0x004A0005),
    (0xA763, 0xA763, 0x004A0003),
    (0xA764, 0xA764, 0x004A0005),
    (0xA765, 0xA765, 0x004A0003),
    (0xA766, 0xA766, 0x004A0005),
    (0xA767, 0xA767, 0x004A0003),
    (0xA768, 0xA768, 0x004A0005),
    (0xA769, 0xA769, 0x004A0003),
    (0xA76A, 0xA76A, 0x004A0005),
    (0xA76B, 0xA76B, 0x004A0003),
    (0xA76C, 0xA76C, 0x004A0005),
    (0xA76D, 0xA76D, 0x004A0003),
    (0xA76E, 0xA76E, 0x004A0005),
    (0xA76F, 0xA778, 0x004A0003),
    (0xA779, 0xA779, 0x004A0005),
    (0xA77A, 0xA77A, 0x004A0003),
    (0xA77B, 0xA77B, 0x004A0005),
    (0xA77C, 0xA77C, 0x004A0003),
    (0xA77D, 0xA77E, 0x004A0005),
    (0xA77F, 0xA77F, 0x004A0003),
    (0xA780, 0xA780, 0x004A0005),
    (0xA781, 0xA781, 0x004A0003),
    (0xA782, 0xA782, 0x004A0005),
    (0xA783, 0xA783, 0x004A0003),
    (0xA784, 0xA784, 0x004A0005),
    (0xA785, 0xA785, 0x004A0003),
    (0xA786, 0xA786, 0x004A0005),
    (0xA787, 0xA787, 0x004A0003),
    (0xA788, 0xA788, 0x00000001),
    (0xA789, 0xA78A, 0x00008000),
    (0xA78B, 0xA78B, 0x004A0005),
    (0xA78C, 0xA78C, 0x004A0003),
    (0xA78D, 0xA78D, 0x004A0005),
    (0xA78E, 0xA78E, 0x004A0003),
    (0xA78F, 0xA78F, 0x004A0001),
    (0xA790, 0xA790, 0x004A0005),
    (0xA791, 0xA791, 0x004A0003),
    (0xA792, 0xA792, 0x004A0005),
    (0xA793, 0xA795, 0x004A0003),
    (0xA796, 0xA796, 0x004A0005),
    (0xA797, 0xA797, 0x004A0003),
    (0xA798, 0xA798, 0x004A0005),
    (0xA799, 0xA799, 0x004A0003),
    (0xA79A, 0xA79A, 0x004A0005),
    (0xA79B, 0xA79B, 0x004A0003),
    (0xA79C, 0xA79C, 0x004A0005),
    (0xA79D, 0xA79D, 0x004A0003),
    (0xA79E, 0xA79E, 0x004A0005),
    (0xA79F, 0xA79F, 0x004A0003),
    (0xA7A0, 0xA7A0, 0x004A0005),
    (0xA7A1, 0xA7A1, 0x004A0003),
    (0xA7A2, 0xA7A2, 0x004A0005),
    (0xA7A3, 0xA7A3, 0x004A0003),
    (0xA7A4, 0xA7A4, 0x004A0005),
    (0xA7A5, 0xA7A5, 0x004A0003),
    (0xA7A6, 0xA7A6, 0x004A0005),
    (0xA7A7, 0xA7A7, 0x004A0003),
    (0xA7A8, 0xA7A8, 0x004A0005),
    (0xA7A9, 0xA7A9, 0x004A0003),
    (0xA7AA, 0xA7AE, 0x004A0005),
    (0xA7AF, 0xA7AF, 0x004A0003),
    (0xA7B0, 0xA7B4, 0x004A0005),
    (0xA7B5, 0xA7B5, 0x004A0003),
    (0xA7B6, 0xA7B6, 0x004A0005),
    (0xA7B7, 0xA7B7, 0x004A0003),
    (0xA7B8, 0xA7B8, 0x004A0005),
    (0xA7B9, 0xA7B9, 0x004A0003),
    (0xA7BA, 0xA7BA, 0x004A0005),
    (0xA7BB, 0xA7BB, 0x004A0003),
    (0xA7BC, 0xA7BC, 0x004A0005),
    (0xA7BD, 0xA7BD, 0x004A0003),
    (0xA7BE, 0xA7BE, 0x004A0005),
    (0xA7BF, 0xA7BF, 0x004A0003),
    (0xA7C0, 0xA7C0, 0x004A0005),
    (0xA7C1, 0xA7C1, 0x004A0003),
    (0xA7C2, 0xA7C2, 0x004A0005),
    (0xA7C3, 0xA7C3, 0x004A0003),
    (0xA7C4, 0xA7C7, 0x004A0005),
    (0xA7C8, 0xA7C8, 0x004A0003),
    (0xA7C9, 0xA7C9, 0x004A0005),
    (0xA7CA, 0xA7CA, 0x004A0003),
    (0xA7CB, 0xA7CC, 0x004A0005),
    (0xA7CD, 0xA7CD, 0x004A0003),
    (0xA7CE, 0xA7CE, 0x004A0005),
    (0xA7CF, 0xA7CF, 0x004A0003),
    (0xA7D0, 0xA7D0, 0x004A0005),
    (0xA7D1, 0xA7D1, 0x004A0003),
    (0xA7D2, 0xA7D2, 0x004A0005),
    (0xA7D3, 0xA7D3, 0x004A0003),
    (0xA7D4, 0xA7D4, 0x004A0005),
    (0xA7D5, 0xA7D5, 0x004A0003),
    (0xA7D6, 0xA7D6, 0x004A0005),
    (0xA7D7, 0xA7D7, 0x004A0003),
    (0xA7D8, 0xA7D8, 0x004A0005),
    (0xA7D9, 0xA7D9, 0x004A0003),
    (0xA7DA, 0xA7DA, 0x004A0005),
    (0xA7DB, 0xA7DB, 0x004A0003),
    (0xA7DC, 0xA7DC, 0x004A0005),
    (0xA7F1, 0xA7F4, 0x004A0003),
    (0xA7F5, 0xA7F5, 0x004A0005),
    (0xA7F6, 0xA7F6, 0x004A0003),
    (0xA7F7, 0xA7F7, 0x004A0001),
    (0xA7F8, 0xA7FA, 0x004A0003),
    (0xA7FB, 0xA7FF, 0x004A0001),
    (0xA800, 0xA801, 0x008D0001),
    (0xA802, 0xA802, 0x408D3101),
    (0xA803, 0xA805, 0x008D0001),
    (0xA806, 0xA806, 0x608D3100),
    (0xA807, 0xA80A, 0x008D0001),
    (0xA80B, 0xA80B, 0x408D3101),
    (0xA80C, 0xA822, 0x008D0001),
    (0xA823, 0xA824, 0x408D2101),
    (0xA825, 0xA826, 0x408D3101),
    (0xA827, 0xA827, 0x408D2101),
    (0xA828, 0xA82B, 0x008D8000),
    (0xA82C, 0xA82C, 0x608D3100),
    (0xA830, 0xA835, 0x00000010),
    (0xA836, 0xA839, 0x00008000),
    (0xA840, 0xA873, 0x00740001),
    (0xA874, 0xA875, 0x01744000),
    (0xA876, 0xA877, 0x01744080),
    (0xA880, 0xA881, 0x407F2101),
    (0xA882, 0xA8B3, 0x007F0001),
    (0xA8B4, 0xA8C3, 0x407F2101),
    (0xA8C4, 0xA8C4, 0x607F3100),
    (0xA8C5, 0xA8C5, 0x407F3101),
    (0xA8CE, 0xA8CF, 0x017F4080),
    (0xA8D0, 0xA8D9, 0x007F0030),
    (0xA8E0, 0xA8F1, 0x601E3100),
    (0xA8F2, 0xA8F7, 0x001E0001),
    (0xA8F8, 0xA8FA, 0x011E4000),
    (0xA8FB, 0xA8FB, 0x001E0001),
    (0xA8FC, 0xA8FC, 0x011E4000),
    (0xA8FD, 0xA8FE, 0x001E0001),
    (0xA8FF, 0xA8FF, 0x401E3101),
    (0xA900, 0xA909, 0x003E0030),
    (0xA90A, 0xA925, 0x003E0001),
    (0xA926, 0xA92A, 0x403E3101),
    (0xA92B, 0xA92D, 0x603E3100),
    (0xA92E, 0xA92E, 0x01004000),
    (0xA92F, 0xA92F, 0x013E4080),
    (0xA930, 0xA946, 0x007A0001),
    (0xA947, 0xA951, 0x407A3101),
    (0xA952, 0xA952, 0x407A2101),
    (0xA953, 0xA953, 0x607A3100),
    (0xA95F, 0xA95F, 0x017A4000),
    (0xA960, 0xA97C, 0x00320201),
    (0xA980, 0xA982, 0x403D3101),
    (0xA983, 0xA983, 0x403D2101),
    (0xA984, 0xA988, 0x003D0001),
    (0xA989, 0xA98B, 0x003D0401),
    (0xA98C, 0xA98E, 0x003D0001),
    (0xA98F, 0xA9B2, 0x003D0401),
    (0xA9B3, 0xA9B3, 0x603D3100),
    (0xA9B4, 0xA9B5, 0x403D2101),
    (0xA9B6, 0xA9B9, 0x403D3101),
    (0xA9BA, 0xA9BB, 0x403D2101),
    (0xA9BC, 0xA9BD, 0x403D3101),
    (0xA9BE, 0xA9BF, 0x403D2101),
    (0xA9C0, 0xA9C0, 0x603D3900),
    (0xA9C1, 0xA9C7, 0x013D4000),
    (0xA9C8, 0xA9C9, 0x013D4080),
    (0xA9CA, 0xA9CD, 0x013D4000),
    (0xA9CF, 0xA9CF, 0x00000001),
    (0xA9D0, 0xA9D9, 0x003D0030),
    (0xA9DE, 0xA9DF, 0x013D4000),
    (0xA9E0, 0xA9E4, 0x00610401),
    (0xA9E5, 0xA9E5, 0x40613101),
    (0xA9E6, 0xA9E6, 0x00610001),
    (0xA9E7, 0xA9EF, 0x00610401),
    (0xA9F0, 0xA9F9, 0x00610030),
    (0xA9FA, 0xA9FE, 0x00610401),
    (0xAA00, 0xAA28, 0x00170001),
    (0xAA29, 0xAA2E, 0x40173101),
    (0xAA2F, 0xAA30, 0x40172101),
    (0xAA31, 0xAA32, 0x40173101),
    (0xAA33, 0xAA34, 0x40172101),
    (0xAA35, 0xAA36, 0x40173101),
    (0xAA40, 0xAA42, 0x00170001),
    (0xAA43, 0xAA43, 0x40173101),
    (0xAA44, 0xAA4B, 0x00170001),
    (0xAA4C, 0xAA4C, 0x40173101),
    (0xAA4D, 0xAA4D, 0x40172101),
    (0xAA50, 0xAA59, 0x00170030),
    (0xAA5C, 0xAA5C, 0x01174000),
    (0xAA5D, 0xAA5F, 0x01174080),
    (0xAA60, 0xAA6F, 0x00610401),
    (0xAA70, 0xAA70, 0x00610001),
    (0xAA71, 0xAA73, 0x00610401),
    (0xAA74, 0xAA76, 0x00610001),
    (0xAA77, 0xAA79, 0x00618000),
    (0xAA7A, 0xAA7A, 0x00610401),
    (0xAA7B, 0xAA7B, 0x40612001),
    (0xAA7C, 0xAA7C, 0x40613101),
    (0xAA7D, 0xAA7D, 0x40612001),
    (0xAA7E, 0xAA7F, 0x00610401),
    (0xAA80, 0xAAAF, 0x00950001),
    (0xAAB0, 0xAAB0, 0x60953101),
    (0xAAB1, 0xAAB1, 0x00950001),
    (0xAAB2, 0xAAB4, 0x60953101),
    (0xAAB5, 0xAAB6, 0x00950001),
    (0xAAB7, 0xAAB8, 0x60953101),
    (0xAAB9, 0xAABD, 0x00950001),
    (0xAABE, 0xAABE, 0x60953101),
    (0xAABF, 0xAABF, 0x60953100),
    (0xAAC0, 0xAAC0, 0x00950001),
    (0xAAC1, 0xAAC1, 0x60953100),
    (0xAAC2, 0xAAC2, 0x00950001),
    (0xAADB, 0xAADD, 0x00950001),
    (0xAADE, 0xAADF, 0x01954000),
    (0xAAE0, 0xAAEA, 0x005F0401),
    (0xAAEB, 0xAAEB, 0x405F2101),
    (0xAAEC, 0xAAED, 0x405F3101),
    (0xAAEE, 0xAAEF, 0x405F2101),
    (0xAAF0, 0xAAF1, 0x015F4080),
    (0xAAF2, 0xAAF4, 0x005F0001),
    (0xAAF5, 0xAAF5, 0x405F2101),
    (0xAAF6, 0xAAF6, 0x605F3900),
    (0xAB01, 0xAB06, 0x00260001),
    (0xAB09, 0xAB0E, 0x00260001),
    (0xAB11, 0xAB16, 0x00260001),
    (0xAB20, 0xAB26, 0x00260001),
    (0xAB28, 0xAB2E, 0x00260001),
    (0xAB30, 0xAB5A, 0x004A0003),
    (0xAB5B, 0xAB5B, 0x00008000),
    (0xAB5C, 0xAB64, 0x004A0003),
    (0xAB65, 0xAB65, 0x002E0003),
    (0xAB66, 0xAB69, 0x004A0003),
    (0xAB6A, 0xAB6B, 0x00008000),
    (0xAB70, 0xABBF, 0x00180003),
    (0xABC0, 0xABDA, 0x005F0401),
    (0xABDB, 0xABE2, 0x005F0001),
    (0xABE3, 0xABE4, 0x405F2101),
    (0xABE5, 0xABE5, 0x405F3101),
    (0xABE6, 0xABE7, 0x405F2101),
    (0xABE8, 0xABE8, 0x405F3101),
    (0xABE9, 0xABEA, 0x405F2101),
    (0xABEB, 0xABEB, 0x015F4080),
    (0xABEC, 0xABEC, 0x405F2100),
    (0xABED, 0xABED, 0x605F3100),
    (0xABF0, 0xABF9, 0x005F0030),
    (0xAC00, 0xD7A3, 0x20320201),
    (0xD7B0, 0xD7C6, 0x00320201),
    (0xD7CB, 0xD7FB, 0x00320201),
    (0xF900, 0xFA0D, 0x20330001),
    (0xFA0E, 0xFA0F, 0x00330001),
    (0xFA10, 0xFA10, 0x20330001),
    (0xFA11, 0xFA11, 0x00330001),
    (0xFA12, 0xFA12, 0x20330001),
    (0xFA13, 0xFA14, 0x00330001),
    (0xFA15, 0xFA1E, 0x20330001),
    (0xFA1F, 0xFA1F, 0x00330001),
    (0xFA20, 0xFA20, 0x20330001),
    (0xFA21, 0xFA21, 0x00330001),
    (0xFA22, 0xFA22, 0x20330001),
    (0xFA23, 0xFA24, 0x00330001),
    (0xFA25, 0xFA26, 0x20330001),
    (0xFA27, 0xFA29, 0x00330001),
    (0xFA2A, 0xFA6D, 0x20330001),
    (0xFA70, 0xFAD9, 0x20330001),
    (0xFB00, 0xFB06, 0x004A0003),
    (0xFB13, 0xFB17, 0x00060003),
    (0xFB1D, 0xFB1D, 0x20360001),
    (0xFB1E, 0xFB1E, 0x60363101),
    (0xFB1F, 0xFB1F, 0x20360001),
    (0xFB20, 0xFB28, 0x00360001),
    (0xFB29, 0xFB29, 0x00368000),
    (0xFB2A, 0xFB36, 0x20360001),
    (0xFB38, 0xFB3C, 0x20360001),
    (0xFB3E, 0xFB3E, 0x20360001),
    (0xFB40, 0xFB41, 0x20360001),
    (0xFB43, 0xFB44, 0x20360001),
    (0xFB46, 0xFB4E, 0x20360001),
    (0xFB4F, 0xFB4F, 0x00360001),
    (0xFB50, 0xFBB1, 0x00040001),
    (0xFBB2, 0xFBD2, 0x00048000),
    (0xFBD3, 0xFD3D, 0x00040001),
    (0xFD3E, 0xFD3F, 0x00004000),
    (0xFD40, 0xFD4F, 0x00048000),
    (0xFD50, 0xFD8F, 0x00040001),
    (0xFD90, 0xFD91, 0x00048000),
    (0xFD92, 0xFDC7, 0x00040001),
    (0xFDC8, 0xFDCF, 0x00048000),
    (0xFDD0, 0xFDEF, 0x08000000),
    (0xFDF0, 0xFDFB, 0x00040001),
    (0xFDFC, 0xFDFF, 0x00048000),
    (0xFE00, 0xFE0F, 0x40003100),
    (0xFE10, 0xFE11, 0x01004000),
    (0xFE12, 0xFE12, 0x01004080),
    (0xFE13, 0xFE13, 0x81004000),
    (0xFE14, 0xFE14, 0x01004000),
    (0xFE15, 0xFE16, 0x01004080),
    (0xFE17, 0xFE18, 0x00004000),
    (0xFE19, 0xFE19, 0x01004000),
    (0xFE20, 0xFE2D, 0x60003100),
    (0xFE2E, 0xFE2F, 0x601D3100),
    (0xFE30, 0xFE30, 0x01004000),
    (0xFE31, 0xFE32, 0x00004000),
    (0xFE33, 0xFE34, 0x80004000),
    (0xFE35, 0xFE44, 0x00004000),
    (0xFE45, 0xFE46, 0x01004000),
    (0xFE47, 0xFE48, 0x00004000),
    (0xFE49, 0xFE4C, 0x01004000),
    (0xFE4D, 0xFE4F, 0x80004000),
    (0xFE50, 0xFE50, 0x81004000),
    (0xFE51, 0xFE51, 0x01004000),
    (0xFE52, 0xFE52, 0x81004080),
    (0xFE54, 0xFE55, 0x81004000),
    (0xFE56, 0xFE57, 0x01004080),
    (0xFE58, 0xFE5E, 0x00004000),
    (0xFE5F, 0xFE61, 0x01004000),
    (0xFE62, 0xFE62, 0x00008000),
    (0xFE63, 0xFE63, 0x00004000),
    (0xFE64, 0xFE66, 0x00008000),
    (0xFE68, 0xFE68, 0x01004000),
    (0xFE69, 0xFE69, 0x00008000),
    (0xFE6A, 0xFE6B, 0x01004000),
    (0xFE70, 0xFE74, 0x00040001),
    (0xFE76, 0xFEFC, 0x00040001),
    (0xFEFF, 0xFEFF, 0x04000200),
    (0xFF01, 0xFF01, 0x01004080),
    (0xFF02, 0xFF03, 0x01004000),
    (0xFF04, 0xFF04, 0x00008000),
    (0xFF05, 0xFF06, 0x01004000),
    (0xFF07, 0xFF07, 0x81004000),
    (0xFF08, 0xFF09, 0x00004000),
    (0xFF0A, 0xFF0A, 0x01004000),
    (0xFF0B, 0xFF0B, 0x00008000),
    (0xFF0C, 0xFF0C, 0x81004000),
    (0xFF0D, 0xFF0D, 0x00004000),
    (0xFF0E, 0xFF0E, 0x81004080),
    (0xFF0F, 0xFF0F, 0x01004000),
    (0xFF10, 0xFF19, 0x00000030),
    (0xFF1A, 0xFF1B, 0x81004000),
    (0xFF1C, 0xFF1E, 0x00008000),
    (0xFF1F, 0xFF1F, 0x01004080),
    (0xFF20, 0xFF20, 0x01004000),
    (0xFF21, 0xFF3A, 0x004A0005),
    (0xFF3B, 0xFF3B, 0x00004000),
    (0xFF3C, 0xFF3C, 0x01004000),
    (0xFF3D, 0xFF3D, 0x00004000),
    (0xFF3E, 0xFF3E, 0x00008000),
    (0xFF3F, 0xFF3F, 0x80004000),
    (0xFF40, 0xFF40, 0x00008000),
    (0xFF41, 0xFF5A, 0x004A0003),
    (0xFF5B, 0xFF5B, 0x00004000),
    (0xFF5C, 0xFF5C, 0x00008000),
    (0xFF5D, 0xFF5D, 0x00004000),
    (0xFF5E, 0xFF5E, 0x00008000),
    (0xFF5F, 0xFF60, 0x00004000),
    (0xFF61, 0xFF61, 0x01004080),
    (0xFF62, 0xFF63, 0x00004000),
    (0xFF64, 0xFF65, 0x01004000),
    (0xFF66, 0xFF6F, 0x003F0001),
    (0xFF70, 0xFF70, 0x00000001),
    (0xFF71, 0xFF9D, 0x003F0001),
    (0xFF9E, 0xFF9F, 0x40001101),
    (0xFFA0, 0xFFBE, 0x00320001),
    (0xFFC2, 0xFFC7, 0x00320001),
    (0xFFCA, 0xFFCF, 0x00320001),
    (0xFFD2, 0xFFD7, 0x00320001),
    (0xFFDA, 0xFFDC, 0x00320001),
    (0xFFE0, 0xFFE6, 0x00008000),
    (0xFFE8, 0xFFEE, 0x00008000),
    (0xFFF0, 0xFFF8, 0x00000200),
    (0xFFF9, 0xFFFB, 0x08000200),
    (0xFFFC, 0xFFFD, 0x08008000),
    (0xFFFE, 0xFFFF, 0x08000000),
    (0x10000, 0x1000B, 0x004E0001),
    (0x1000D, 0x10026, 0x004E0001),
    (0x10028, 0x1003A, 0x004E0001),
    (0x1003C, 0x1003D, 0x004E0001),
    (0x1003F, 0x1004D, 0x004E0001),
    (0x10050, 0x1005D, 0x004E0001),
    (0x10080, 0x100FA, 0x004E0001),
    (0x10100, 0x10102, 0x01004000),
    (0x10107, 0x10133, 0x00000010),
    (0x10137, 0x1013F, 0x00008000),
    (0x10140, 0x10174, 0x002E0011),
    (0x10175, 0x10178, 0x002E0010),
    (0x10179, 0x10189, 0x002E8000),
    (0x1018A, 0x1018B, 0x002E0010),
    (0x1018C, 0x1018E, 0x002E8000),
    (0x10190, 0x1019C, 0x00008000),
    (0x101A0, 0x101A0, 0x002E8000),
    (0x101D0, 0x101FC, 0x00008000),
    (0x101FD, 0x101FD, 0x60003100),
    (0x10280, 0x1029C, 0x00500001),
    (0x102A0, 0x102D0, 0x00160001),
    (0x102E0, 0x102E0, 0x60003100),
    (0x102E1, 0x102FB, 0x00000010),
    (0x10300, 0x1031F, 0x003C0001),
    (0x10320, 0x10323, 0x003C0010),
    (0x1032D, 0x1032F, 0x003C0001),
    (0x10330, 0x10340, 0x002C0001),
    (0x10341, 0x10341, 0x002C0011),
    (0x10342, 0x10349, 0x002C0001),
    (0x1034A, 0x1034A, 0x002C0011),
    (0x10350, 0x10375, 0x00730001),
    (0x10376, 0x1037A, 0x60733101),
    (0x10380, 0x1039D, 0x00A30001),
    (0x1039F, 0x1039F, 0x01A34000),
    (0x103A0, 0x103C3, 0x00A80001),
    (0x103C8, 0x103CF, 0x00A80001),
    (0x103D0, 0x103D0, 0x01A84000),
    (0x103D1, 0x103D5, 0x00A80011),
    (0x10400, 0x10427, 0x00210005),
    (0x10428, 0x1044F, 0x00210003),
    (0x10450, 0x1047F, 0x00810001),
    (0x10480, 0x1049D, 0x006F0001),
    (0x104A0, 0x104A9, 0x006F0030),
    (0x104B0, 0x104D3, 0x006E0005),
    (0x104D8, 0x104FB, 0x006E0003),
    (0x10500, 0x10527, 0x00240001),
    (0x10530, 0x10563, 0x00020001),
    (0x1056F, 0x1056F, 0x01024000),
    (0x10570, 0x1057A, 0x00A50005),
    (0x1057C, 0x1058A, 0x00A50005),
    (0x1058C, 0x10592, 0x00A50005),
    (0x10594, 0x10595, 0x00A50005),
    (0x10597, 0x105A1, 0x00A50003),
    (0x105A3, 0x105B1, 0x00A50003),
    (0x105B3, 0x105B9, 0x00A50003),
    (0x105BB, 0x105BC, 0x00A50003),
    (0x105C0, 0x105C8, 0x009F0001),
    (0x105C9, 0x105C9, 0x209F0001),
    (0x105CA, 0x105E3, 0x009F0001),
    (0x105E4, 0x105E4, 0x209F0001),
    (0x105E5, 0x105F3, 0x009F0001),
    (0x10600, 0x10736, 0x004D0001),
    (0x10740, 0x10755, 0x004D0001),
    (0x10760, 0x10767, 0x004D0001),
    (0x10780, 0x10780, 0x004A0003),
    (0x10781, 0x10782, 0x004A0001),
    (0x10783, 0x10785, 0x004A0003),
    (0x10787, 0x107B0, 0x004A0003),
    (0x107B2, 0x107BA, 0x004A0003),
    (0x10800, 0x10805, 0x001C0001),
    (0x10808, 0x10808, 0x001C0001),
    (0x1080A, 0x10835, 0x001C0001),
    (0x10837, 0x10838, 0x001C0001),
    (0x1083C, 0x1083C, 0x001C0001),
    (0x1083F, 0x1083F, 0x001C0001),
    (0x10840, 0x10855, 0x00050001),
    (0x10857, 0x10857, 0x01054000),
    (0x10858, 0x1085F, 0x00050010),
    (0x10860, 0x10876, 0x00710001),
    (0x10877, 0x10878, 0x00718000),
    (0x10879, 0x1087F, 0x00710010),
    (0x10880, 0x1089E, 0x00650001),
    (0x108A7, 0x108AF, 0x00650010),
    (0x108E0, 0x108F2, 0x00350001),
    (0x108F4, 0x108F5, 0x00350001),
    (0x108FB, 0x108FF, 0x00350010),
    (0x10900, 0x10915, 0x00770001),
    (0x10916, 0x1091B, 0x00770010),
    (0x1091F, 0x1091F, 0x01774000),
    (0x10920, 0x10939, 0x00510001),
    (0x1093F, 0x1093F, 0x01514000),
    (0x10940, 0x10959, 0x00840001),
    (0x10980, 0x1099F, 0x005A0001),
    (0x109A0, 0x109B7, 0x00590001),
    (0x109BC, 0x109BD, 0x00590010),
    (0x109BE, 0x109BF, 0x00590001),
    (0x109C0, 0x109CF, 0x00590010),
    (0x109D2, 0x109FF, 0x00590010),
    (0x10A00, 0x10A00, 0x00410401),
    (0x10A01, 0x10A03, 0x40413101),
    (0x10A05, 0x10A06, 0x40413101),
    (0x10A0C, 0x10A0C, 0x40413101),
    (0x10A0D, 0x10A0D, 0x60413101),
    (0x10A0E, 0x10A0E, 0x40413101),
    (0x10A0F, 0x10A0F, 0x60413101),
    (0x10A10, 0x10A13, 0x00410401),
    (0x10A15, 0x10A17, 0x00410401),
    (0x10A19, 0x10A35, 0x00410401),
    (0x10A38, 0x10A3A, 0x60413100),
    (0x10A3F, 0x10A3F, 0x60413900),
    (0x10A40, 0x10A48, 0x00410010),
    (0x10A50, 0x10A55, 0x01414000),
    (0x10A56, 0x10A57, 0x01414080),
    (0x10A58, 0x10A58, 0x01414000),
    (0x10A60, 0x10A7C, 0x007E0001),
    (0x10A7D, 0x10A7E, 0x007E0010),
    (0x10A7F, 0x10A7F, 0x017E4000),
    (0x10A80, 0x10A9C, 0x00640001),
    (0x10A9D, 0x10A9F, 0x00640010),
    (0x10AC0, 0x10AC7, 0x00550001),
    (0x10AC8, 0x10AC8, 0x00558000),
    (0x10AC9, 0x10AE4, 0x00550001),
    (0x10AE5, 0x10AE6, 0x60553100),
    (0x10AEB, 0x10AEF, 0x00550010),
    (0x10AF0, 0x10AF6, 0x01554000),
    (0x10B00, 0x10B35, 0x00070001),
    (0x10B39, 0x10B3F, 0x01074000),
    (0x10B40, 0x10B55, 0x00790001),
    (0x10B58, 0x10B5F, 0x00790010),
    (0x10B60, 0x10B72, 0x00750001),
    (0x10B78, 0x10B7F, 0x00750010),
    (0x10B80, 0x10B91, 0x00760001),
    (0x10B99, 0x10B9C, 0x01764000),
    (0x10BA9, 0x10BAF, 0x00760010),
    (0x10C00, 0x10C48, 0x006C0001),
    (0x10C80, 0x10CB2, 0x003B0005),
    (0x10CC0, 0x10CF2, 0x003B0003),
    (0x10CFA, 0x10CFF, 0x003B0010),
    (0x10D00, 0x10D23, 0x007B0001),
    (0x10D24, 0x10D27, 0x607B3101),
    (0x10D30, 0x10D39, 0x007B0030),
    (0x10D40, 0x10D49, 0x00270030),
    (0x10D4A, 0x10D4F, 0x00270001),
    (0x10D50, 0x10D65, 0x00270005),
    (0x10D69, 0x10D69, 0x60273101),
    (0x10D6A, 0x10D6D, 0x60273100),
    (0x10D6E, 0x10D6E, 0x00274000),
    (0x10D6F, 0x10D6F, 0x00270001),
    (0x10D70, 0x10D85, 0x00270003),
    (0x10D8E, 0x10D8F, 0x00278000),
    (0x10E60, 0x10E7E, 0x00040010),
    (0x10E80, 0x10EA9, 0x00AA0001),
    (0x10EAB, 0x10EAC, 0x60AA3101),
    (0x10EAD, 0x10EAD, 0x00AA4000),
    (0x10EB0, 0x10EB1, 0x00AA0001),
    (0x10EC2, 0x10EC7, 0x00040001),
    (0x10ED0, 0x10ED0, 0x01044000),
    (0x10ED1, 0x10ED8, 0x00048000),
    (0x10EFA, 0x10EFB, 0x60043101),
    (0x10EFC, 0x10EFC, 0x40043101),
    (0x10EFD, 0x10EFF, 0x60043100),
    (0x10F00, 0x10F1C, 0x00880001),
    (0x10F1D, 0x10F26, 0x00880010),
    (0x10F27, 0x10F27, 0x00880001),
    (0x10F30, 0x10F45, 0x00870001),
    (0x10F46, 0x10F50, 0x60873100),
    (0x10F51, 0x10F54, 0x00870010),
    (0x10F55, 0x10F59, 0x01874080),
    (0x10F70, 0x10F81, 0x00700001),
    (0x10F82, 0x10F85, 0x60703100),
    (0x10F86, 0x10F89, 0x01704080),
    (0x10FB0, 0x10FC4, 0x00190001),
    (0x10FC5, 0x10FCB, 0x00190010),
    (0x10FE0, 0x10FF6, 0x00250001),
    (0x11000, 0x11000, 0x40102101),
    (0x11001, 0x11001, 0x40103101),
    (0x11002, 0x11002, 0x40102101),
    (0x11003, 0x11037, 0x00100001),
    (0x11038, 0x11045, 0x40103101),
    (0x11046, 0x11046, 0x60103100),
    (0x11047, 0x11048, 0x01104080),
    (0x11049, 0x1104D, 0x01104000),
    (0x11052, 0x11065, 0x00100010),
    (0x11066, 0x1106F, 0x00100030),
    (0x11070, 0x11070, 0x60103100),
    (0x11071, 0x11072, 0x00100001),
    (0x11073, 0x11074, 0x40103101),
    (0x11075, 0x11075, 0x00100001),
    (0x1107F, 0x1107F, 0x60103100),
    (0x11080, 0x11081, 0x40473101),
    (0x11082, 0x11082, 0x40472101),
    (0x11083, 0x11099, 0x00470001),
    (0x1109A, 0x1109A, 0x20470001),
    (0x1109B, 0x1109B, 0x00470001),
    (0x1109C, 0x1109C, 0x20470001),
    (0x1109D, 0x110AA, 0x00470001),
    (0x110AB, 0x110AB, 0x20470001),
    (0x110AC, 0x110AF, 0x00470001),
    (0x110B0, 0x110B2, 0x40472101),
    (0x110B3, 0x110B6, 0x40473101),
    (0x110B7, 0x110B8, 0x40472101),
    (0x110B9, 0x110BA, 0x60473100),
    (0x110BB, 0x110BC, 0x01474000),
    (0x110BD, 0x110BD, 0x00470200),
    (0x110BE, 0x110C1, 0x01474080),
    (0x110C2, 0x110C2, 0x40473101),
    (0x110CD, 0x110CD, 0x00470200),
    (0x110D0, 0x110E8, 0x00890001),
    (0x110F0, 0x110F9, 0x00890030),
    (0x11100, 0x11102, 0x60143101),
    (0x11103, 0x11126, 0x00140401),
    (0x11127, 0x11127, 0x60143101),
    (0x11128, 0x1112B, 0x40143101),
    (0x1112C, 0x1112C, 0x40142101),
    (0x1112D, 0x1112D, 0x40143101),
    (0x1112E, 0x1112F, 0x60143101),
    (0x11130, 0x11130, 0x40143101),
    (0x11131, 0x11132, 0x60143101),
    (0x11133, 0x11133, 0x60143900),
    (0x11134, 0x11134, 0x60143100),
    (0x11136, 0x1113F, 0x00140030),
    (0x11140, 0x11140, 0x01144000),
    (0x11141, 0x11143, 0x01144080),
    (0x11144, 0x11144, 0x00140401),
    (0x11145, 0x11146, 0x40142101),
    (0x11147, 0x11147, 0x00140401),
    (0x11150, 0x11172, 0x00520001),
    (0x11173, 0x11173, 0x60523100),
    (0x11174, 0x11175, 0x01524000),
    (0x11176, 0x11176, 0x00520001),
    (0x11180, 0x11181, 0x40823101),
    (0x11182, 0x11182, 0x40822101),
    (0x11183, 0x111B2, 0x00820001),
    (0x111B3, 0x111B5, 0x40822101),
    (0x111B6, 0x111BE, 0x40823101),
    (0x111BF, 0x111BF, 0x40822101),
    (0x111C0, 0x111C0, 0x60823100),
    (0x111C1, 0x111C1, 0x00820001),
    (0x111C2, 0x111C3, 0x00820201),
    (0x111C4, 0x111C4, 0x00820001),
    (0x111C5, 0x111C6, 0x01824080),
    (0x111C7, 0x111C8, 0x01824000),
    (0x111C9, 0x111C9, 0x40823100),
    (0x111CA, 0x111CA, 0x60823100),
    (0x111CB, 0x111CC, 0x40823100),
    (0x111CD, 0x111CD, 0x01824080),
    (0x111CE, 0x111CE, 0x40822101),
    (0x111CF, 0x111CF, 0x40823101),
    (0x111D0, 0x111D9, 0x00820030),
    (0x111DA, 0x111DA, 0x00820001),
    (0x111DB, 0x111DB, 0x01824000),
    (0x111DC, 0x111DC, 0x00820001),
    (0x111DD, 0x111DD, 0x01824000),
    (0x111DE, 0x111DF, 0x01824080),
    (0x111E1, 0x111F4, 0x00860010),
    (0x11200, 0x11211, 0x00430001),
    (0x11213, 0x1122B, 0x00430001),
    (0x1122C, 0x1122E, 0x40432101),
    (0x1122F, 0x11231, 0x40433101),
    (0x11232, 0x11233, 0x40432101),
    (0x11234, 0x11234, 0x40433101),
    (0x11235, 0x11236, 0x60433100),
    (0x11237, 0x11237, 0x40433101),
    (0x11238, 0x11239, 0x01434080),
    (0x1123A, 0x1123A, 0x01434000),
    (0x1123B, 0x1123C, 0x01434080),
    (0x1123D, 0x1123D, 0x01434000),
    (0x1123E, 0x1123E, 0x40433101),
    (0x1123F, 0x11240, 0x00430001),
    (0x11241, 0x11241, 0x40433101),
    (0x11280, 0x11286, 0x00600001),
    (0x11288, 0x11288, 0x00600001),
    (0x1128A, 0x1128D, 0x00600001),
    (0x1128F, 0x1129D, 0x00600001),
    (0x1129F, 0x112A8, 0x00600001),
    (0x112A9, 0x112A9, 0x01604080),
    (0x112B0, 0x112DE, 0x00850001),
    (0x112DF, 0x112DF, 0x40853101),
    (0x112E0, 0x112E2, 0x40852101),
    (0x112E3, 0x112E8, 0x40853101),
    (0x112E9, 0x112EA, 0x60853100),
    (0x112F0, 0x112F9, 0x00850030),
    (0x11300, 0x11301, 0x402D3101),
    (0x11302, 0x11303, 0x402D2101),
    (0x11305, 0x1130C, 0x002D0001),
    (0x1130F, 0x11310, 0x002D0001),
    (0x11313, 0x11328, 0x002D0001),
    (0x1132A, 0x11330, 0x002D0001),
    (0x11332, 0x11333, 0x002D0001),
    (0x11335, 0x11339, 0x002D0001),
    (0x1133B, 0x1133B, 0x60003100),
    (0x1133C, 0x1133C, 0x602D3100),
    (0x1133D, 0x1133D, 0x002D0001),
    (0x1133E, 0x1133E, 0x602D3101),
    (0x1133F, 0x1133F, 0x402D2101),
    (0x11340, 0x11340, 0x402D3101),
    (0x11341, 0x11344, 0x402D2101),
    (0x11347, 0x11347, 0x602D2101),
    (0x11348, 0x11348, 0x402D2101),
    (0x1134B, 0x1134C, 0x602D2101),
    (0x1134D, 0x1134D, 0x602D3100),
    (0x11350, 0x11350, 0x002D0001),
    (0x11357, 0x11357, 0x602D3101),
    (0x1135D, 0x11361, 0x002D0001),
    (0x11362, 0x11363, 0x402D2101),
    (0x11366, 0x1136C, 0x602D3100),
    (0x11370, 0x11374, 0x602D3100),
    (0x11380, 0x11381, 0x00A20401),
    (0x11382, 0x11385, 0x20A20401),
    (0x11386, 0x11389, 0x00A20401),
    (0x1138B, 0x1138B, 0x20A20401),
    (0x1138E, 0x1138E, 0x20A20401),
    (0x11390, 0x11391, 0x20A20401),
    (0x11392, 0x113B5, 0x00A20401),
    (0x113B7, 0x113B7, 0x00A20001),
    (0x113B8, 0x113B8, 0x60A23101),
    (0x113B9, 0x113BA, 0x40A22101),
    (0x113BB, 0x113BB, 0x60A23101),
    (0x113BC, 0x113C0, 0x40A23101),
    (0x113C2, 0x113C2, 0x60A23101),
    (0x113C5, 0x113C5, 0x60A23101),
    (0x113C7, 0x113C9, 0x60A23101),
    (0x113CA, 0x113CA, 0x40A22101),
    (0x113CC, 0x113CD, 0x40A22101),
    (0x113CE, 0x113CF, 0x60A23100),
    (0x113D0, 0x113D0, 0x60A23900),
    (0x113D1, 0x113D1, 0x00A20201),
    (0x113D2, 0x113D2, 0x40A23100),
    (0x113D3, 0x113D3, 0x00A20001),
    (0x113D4, 0x113D5, 0x01A24080),
    (0x113D7, 0x113D8, 0x01A24000),
    (0x113E1, 0x113E2, 0x40A23100),
    (0x11400, 0x11434, 0x00660001),
    (0x11435, 0x11437, 0x40662101),
    (0x11438, 0x1143F, 0x40663101),
    (0x11440, 0x11441, 0x40662101),
    (0x11442, 0x11442, 0x60663100),
    (0x11443, 0x11444, 0x40663101),
    (0x11445, 0x11445, 0x40662101),
    (0x11446, 0x11446, 0x60663100),
    (0x11447, 0x1144A, 0x00660001),
    (0x1144B, 0x1144C, 0x01664080),
    (0x1144D, 0x1144F, 0x01664000),
    (0x11450, 0x11459, 0x00660030),
    (0x1145A, 0x1145B, 0x01664000),
    (0x1145D, 0x1145D, 0x01664000),
    (0x1145E, 0x1145E, 0x60663100),
    (0x1145F, 0x11461, 0x00660001),
    (0x11480, 0x114AF, 0x009D0001),
    (0x114B0, 0x114B0, 0x609D3101),
    (0x114B1, 0x114B2, 0x409D2101),
    (0x114B3, 0x114B8, 0x409D3101),
    (0x114B9, 0x114B9, 0x609D2101),
    (0x114BA, 0x114BA, 0x609D3101),
    (0x114BB, 0x114BC, 0x609D2101),
    (0x114BD, 0x114BD, 0x609D3101),
    (0x114BE, 0x114BE, 0x609D2101),
    (0x114BF, 0x114C0, 0x409D3101),
    (0x114C1, 0x114C1, 0x409D2101),
    (0x114C2, 0x114C3, 0x609D3100),
    (0x114C4, 0x114C5, 0x009D0001),
    (0x114C6, 0x114C6, 0x019D4000),
    (0x114C7, 0x114C7, 0x009D0001),
    (0x114D0, 0x114D9, 0x009D0030),
    (0x11580, 0x115AE, 0x00830001),
    (0x115AF, 0x115AF, 0x60833101),
    (0x115B0, 0x115B1, 0x40832101),
    (0x115B2, 0x115B5, 0x40833101),
    (0x115B8, 0x115BB, 0x60832101),
    (0x115BC, 0x115BD, 0x40833101),
    (0x115BE, 0x115BE, 0x40832101),
    (0x115BF, 0x115C0, 0x60833100),
    (0x115C1, 0x115C1, 0x01834000),
    (0x115C2, 0x115C3, 0x01834080),
    (0x115C4, 0x115C8, 0x01834000),
    (0x115C9, 0x115D7, 0x01834080),
    (0x115D8, 0x115DB, 0x00830001),
    (0x115DC, 0x115DD, 0x40833101),
    (0x11600, 0x1162F, 0x005C0001),
    (0x11630, 0x11632, 0x405C2101),
    (0x11633, 0x1163A, 0x405C3101),
    (0x1163B, 0x1163C, 0x405C2101),
    (0x1163D, 0x1163D, 0x405C3101),
    (0x1163E, 0x1163E, 0x405C2101),
    (0x1163F, 0x1163F, 0x605C3100),
    (0x11640, 0x11640, 0x405C3101),
    (0x11641, 0x11642, 0x015C4080),
    (0x11643, 0x11643, 0x015C4000),
    (0x11644, 0x11644, 0x005C0001),
    (0x11650, 0x11659, 0x005C0030),
    (0x11660, 0x1166C, 0x015D4000),
    (0x11680, 0x116AA, 0x00900001),
    (0x116AB, 0x116AB, 0x40903101),
    (0x116AC, 0x116AC, 0x40902101),
    (0x116AD, 0x116AD, 0x40903101),
    (0x116AE, 0x116AF, 0x40902101),
    (0x116B0, 0x116B5, 0x40903101),
    (0x116B6, 0x116B7, 0x60903100),
    (0x116B8, 0x116B8, 0x00900001),
    (0x116B9, 0x116B9, 0x01904000),
    (0x116C0, 0x116C9, 0x00900030),
    (0x116D0, 0x116E3, 0x00610030),
    (0x11700, 0x1171A, 0x00030001),
    (0x1171D, 0x1171D, 0x40033101),
    (0x1171E, 0x1171E, 0x40032101),
    (0x1171F, 0x1171F, 0x40033101),
    (0x11720, 0x11721, 0x40032001),
    (0x11722, 0x11725, 0x40033101),
    (0x11726, 0x11726, 0x40032101),
    (0x11727, 0x1172A, 0x40033101),
    (0x1172B, 0x1172B, 0x60033100),
    (0x11730, 0x11739, 0x00030030),
    (0x1173A, 0x1173B, 0x00030010),
    (0x1173C, 0x1173E, 0x01034080),
    (0x1173F, 0x1173F, 0x00038000),
    (0x11740, 0x11746, 0x00030001),
    (0x11800, 0x1182B, 0x00200001),
    (0x1182C, 0x1182E, 0x40202101),
    (0x1182F, 0x11837, 0x40203101),
    (0x11838, 0x11838, 0x40202101),
    (0x11839, 0x1183A, 0x60203100),
    (0x1183B, 0x1183B, 0x01204000),
    (0x118A0, 0x118BF, 0x00A60005),
    (0x118C0, 0x118DF, 0x00A60003),
    (0x118E0, 0x118E9, 0x00A60030),
    (0x118EA, 0x118F2, 0x00A60010),
    (0x118FF, 0x118FF, 0x00A60001),
    (0x11900, 0x11906, 0x001F0401),
    (0x11909, 0x11909, 0x001F0401),
    (0x1190C, 0x11913, 0x001F0401),
    (0x11915, 0x11916, 0x001F0401),
    (0x11918, 0x1192F, 0x001F0401),
    (0x11930, 0x11930, 0x601F3101),
    (0x11931, 0x11934, 0x401F2101),
    (0x11935, 0x11935, 0x601F2101),
    (0x11937, 0x11937, 0x401F2101),
    (0x11938, 0x11938, 0x601F2101),
    (0x1193B, 0x1193C, 0x401F3101),
    (0x1193D, 0x1193D, 0x601F3100),
    (0x1193E, 0x1193E, 0x601F3900),
    (0x1193F, 0x1193F, 0x001F0201),
    (0x11940, 0x11940, 0x401F2101),
    (0x11941, 0x11941, 0x001F0201),
    (0x11942, 0x11942, 0x401F2101),
    (0x11943, 0x11943, 0x601F3100),
    (0x11944, 0x11944, 0x011F4080),
    (0x11945, 0x11945, 0x011F4000),
    (0x11946, 0x11946, 0x011F4080),
    (0x11950, 0x11959, 0x001F0030),
    (0x119A0, 0x119A7, 0x00630001),
    (0x119AA, 0x119D0, 0x00630001),
    (0x119D1, 0x119D3, 0x40632101),
    (0x119D4, 0x119D7, 0x40633101),
    (0x119DA, 0x119DB, 0x40633101),
    (0x119DC, 0x119DF, 0x40632101),
    (0x119E0, 0x119E0, 0x60633100),
    (0x119E1, 0x119E1, 0x00630001),
    (0x119E2, 0x119E2, 0x01634000),
    (0x119E3, 0x119E3, 0x00630001),
    (0x119E4, 0x119E4, 0x40632101),
    (0x11A00, 0x11A00, 0x00AC0401),
    (0x11A01, 0x11A0A, 0x40AC3101),
    (0x11A0B, 0x11A32, 0x00AC0401),
    (0x11A33, 0x11A33, 0x40AC3100),
    (0x11A34, 0x11A34, 0x60AC3100),
    (0x11A35, 0x11A38, 0x40AC3101),
    (0x11A39, 0x11A39, 0x40AC2101),
    (0x11A3A, 0x11A3A, 0x00AC0001),
    (0x11A3B, 0x11A3E, 0x40AC3101),
    (0x11A3F, 0x11A41, 0x01AC4000),
    (0x11A42, 0x11A43, 0x01AC4080),
    (0x11A44, 0x11A46, 0x01AC4000),
    (0x11A47, 0x11A47, 0x60AC3900),
    (0x11A50, 0x11A50, 0x008A0401),
    (0x11A51, 0x11A56, 0x408A3101),
    (0x11A57, 0x11A58, 0x408A2101),
    (0x11A59, 0x11A5B, 0x408A3101),
    (0x11A5C, 0x11A83, 0x008A0401),
    (0x11A84, 0x11A89, 0x008A0201),
    (0x11A8A, 0x11A96, 0x408A3101),
    (0x11A97, 0x11A97, 0x408A2101),
    (0x11A98, 0x11A98, 0x408A3100),
    (0x11A99, 0x11A99, 0x608A3900),
    (0x11A9A, 0x11A9A, 0x018A4000),
    (0x11A9B, 0x11A9C, 0x018A4080),
    (0x11A9D, 0x11A9D, 0x008A0001),
    (0x11A9E, 0x11AA2, 0x018A4000),
    (0x11AB0, 0x11ABF, 0x00150001),
    (0x11AC0, 0x11AF8, 0x00720001),
    (0x11B00, 0x11B09, 0x011E4000),
    (0x11B60, 0x11B60, 0x40823101),
    (0x11B61, 0x11B61, 0x40822101),
    (0x11B62, 0x11B64, 0x40823101),
    (0x11B65, 0x11B65, 0x40822101),
    (0x11B66, 0x11B66, 0x40823101),
    (0x11B67, 0x11B67, 0x40822101),
    (0x11BC0, 0x11BE0, 0x008C0001),
    (0x11BE1, 0x11BE1, 0x018C4000),
    (0x11BF0, 0x11BF9, 0x008C0030),
    (0x11C00, 0x11C08, 0x000E0001),
    (0x11C0A, 0x11C2E, 0x000E0001),
    (0x11C2F, 0x11C2F, 0x400E2101),
    (0x11C30, 0x11C36, 0x400E3101),
    (0x11C38, 0x11C3D, 0x400E3101),
    (0x11C3E, 0x11C3E, 0x400E2101),
    (0x11C3F, 0x11C3F, 0x600E3100),
    (0x11C40, 0x11C40, 0x000E0001),
    (0x11C41, 0x11C42, 0x010E4080),
    (0x11C43, 0x11C45, 0x010E4000),
    (0x11C50, 0x11C59, 0x000E0030),
    (0x11C5A, 0x11C6C, 0x000E0010),
    (0x11C70, 0x11C71, 0x01564000),
    (0x11C72, 0x11C8F, 0x00560001),
    (0x11C92, 0x11CA7, 0x40563101),
    (0x11CA9, 0x11CA9, 0x40562101),
    (0x11CAA, 0x11CB0, 0x40563101),
    (0x11CB1, 0x11CB1, 0x40562101),
    (0x11CB2, 0x11CB3, 0x40563101),
    (0x11CB4, 0x11CB4, 0x40562101),
    (0x11CB5, 0x11CB6, 0x40563101),
    (0x11D00, 0x11D06, 0x002B0001),
    (0x11D08, 0x11D09, 0x002B0001),
    (0x11D0B, 0x11D30, 0x002B0001),
    (0x11D31, 0x11D36, 0x402B3101),
    (0x11D3A, 0x11D3A, 0x402B3101),
    (0x11D3C, 0x11D3D, 0x402B3101),
    (0x11D3F, 0x11D41, 0x402B3101),
    (0x11D42, 0x11D42, 0x602B3100),
    (0x11D43, 0x11D43, 0x402B3101),
    (0x11D44, 0x11D45, 0x602B3100),
    (0x11D46, 0x11D46, 0x002B0201),
    (0x11D47, 0x11D47, 0x402B3101),
    (0x11D50, 0x11D59, 0x002B0030),
    (0x11D60, 0x11D65, 0x002A0001),
    (0x11D67, 0x11D68, 0x002A0001),
    (0x11D6A, 0x11D89, 0x002A0001),
    (0x11D8A, 0x11D8E, 0x402A2101),
    (0x11D90, 0x11D91, 0x402A3101),
    (0x11D93, 0x11D94, 0x402A2101),
    (0x11D95, 0x11D95, 0x402A3101),
    (0x11D96, 0x11D96, 0x402A2101),
    (0x11D97, 0x11D97, 0x602A3100),
    (0x11D98, 0x11D98, 0x002A0001),
    (0x11DA0, 0x11DA9, 0x002A0030),
    (0x11DB0, 0x11DDB, 0x00A00001),
    (0x11DE0, 0x11DE9, 0x00A00030),
    (0x11EE0, 0x11EF2, 0x00530001),
    (0x11EF3, 0x11EF4, 0x40533101),
    (0x11EF5, 0x11EF6, 0x40532101),
    (0x11EF7, 0x11EF8, 0x01534080),
    (0x11F00, 0x11F01, 0x40403101),
    (0x11F02, 0x11F02, 0x00400201),
    (0x11F03, 0x11F03, 0x40402101),
    (0x11F04, 0x11F10, 0x00400401),
    (0x11F12, 0x11F33, 0x00400401),
    (0x11F34, 0x11F35, 0x40402101),
    (0x11F36, 0x11F3A, 0x40403101),
    (0x11F3E, 0x11F3F, 0x40402101),
    (0x11F40, 0x11F40, 0x40403101),
    (0x11F41, 0x11F41, 0x60403100),
    (0x11F42, 0x11F42, 0x60403900),
    (0x11F43, 0x11F44, 0x01404080),
    (0x11F45, 0x11F4F, 0x01404000),
    (0x11F50, 0x11F59, 0x00400030),
    (0x11F5A, 0x11F5A, 0x40403100),
    (0x11FB0, 0x11FB0, 0x004F0001),
    (0x11FC0, 0x11FD4, 0x00930010),
    (0x11FD5, 0x11FF1, 0x00938000),
    (0x11FFF, 0x11FFF, 0x01934000),
    (0x12000, 0x12399, 0x00A90001),
    (0x12400, 0x1246E, 0x00A90011),
    (0x12470, 0x12474, 0x01A94000),
    (0x12480, 0x12543, 0x00A90001),
    (0x12F90, 0x12FF0, 0x001B0001),
    (0x12FF1, 0x12FF2, 0x011B4000),
    (0x13000, 0x1342F, 0x00230001),
    (0x13430, 0x1343F, 0x00230200),
    (0x13440, 0x13440, 0x40233100),
    (0x13441, 0x13446, 0x00230001),
    (0x13447, 0x13455, 0x40233100),
    (0x13460, 0x143FA, 0x00230001),
    (0x14400, 0x14646, 0x00380001),
    (0x16100, 0x1611D, 0x00300001),
    (0x1611E, 0x16129, 0x60303101),
    (0x1612A, 0x1612C, 0x40302101),
    (0x1612D, 0x1612E, 0x40303101),
    (0x1612F, 0x1612F, 0x60303100),
    (0x16130, 0x16139, 0x00300030),
    (0x16800, 0x16A38, 0x00090001),
    (0x16A40, 0x16A5E, 0x005E0001),
    (0x16A60, 0x16A69, 0x005E0030),
    (0x16A6E, 0x16A6F, 0x015E4080),
    (0x16A70, 0x16ABE, 0x009E0001),
    (0x16AC0, 0x16AC9, 0x009E0030),
    (0x16AD0, 0x16AED, 0x000A0001),
    (0x16AF0, 0x16AF4, 0x600A3100),
    (0x16AF5, 0x16AF5, 0x010A4080),
    (0x16B00, 0x16B2F, 0x00390001),
    (0x16B30, 0x16B36, 0x60393100),
    (0x16B37, 0x16B38, 0x01394080),
    (0x16B39, 0x16B3B, 0x01394000),
    (0x16B3C, 0x16B3F, 0x00398000),
    (0x16B40, 0x16B43, 0x00390001),
    (0x16B44, 0x16B44, 0x01394080),
    (0x16B45, 0x16B45, 0x00398000),
    (0x16B50, 0x16B59, 0x00390030),
    (0x16B5B, 0x16B61, 0x00390010),
    (0x16B63, 0x16B77, 0x00390001),
    (0x16B7D, 0x16B8F, 0x00390001),
    (0x16D40, 0x16D62, 0x00460001),
    (0x16D63, 0x16D63, 0x20460201),
    (0x16D64, 0x16D66, 0x00460001),
    (0x16D67, 0x16D6A, 0x20460201),
    (0x16D6B, 0x16D6C, 0x00460001),
    (0x16D6D, 0x16D6D, 0x01464000),
    (0x16D6E, 0x16D6F, 0x01464080),
    (0x16D70, 0x16D79, 0x00460030),
    (0x16E40, 0x16E5F, 0x00570005),
    (0x16E60, 0x16E7F, 0x00570003),
    (0x16E80, 0x16E96, 0x00570010),
    (0x16E97, 0x16E97, 0x01574000),
    (0x16E98, 0x16E98, 0x01574080),
    (0x16E99, 0x16E9A, 0x01574000),
    (0x16EA0, 0x16EB8, 0x000D0005),
    (0x16EBB, 0x16ED3, 0x000D0003),
    (0x16F00, 0x16F4A, 0x00780001),
    (0x16F4F, 0x16F4F, 0x40783101),
    (0x16F50, 0x16F50, 0x00780001),
    (0x16F51, 0x16F87, 0x40782101),
    (0x16F8F, 0x16F92, 0x40783101),
    (0x16F93, 0x16F9F, 0x00780001),
    (0x16FE0, 0x16FE0, 0x00940001),
    (0x16FE1, 0x16FE1, 0x00680001),
    (0x16FE2, 0x16FE2, 0x01334000),
    (0x16FE3, 0x16FE3, 0x00330001),
    (0x16FE4, 0x16FE4, 0x40443100),
    (0x16FF0, 0x16FF1, 0x60333101),
    (0x16FF2, 0x16FF3, 0x00330001),
    (0x16FF4, 0x16FF6, 0x00330011),
    (0x17000, 0x18AFF, 0x00940001),
    (0x18B00, 0x18CD5, 0x00440001),
    (0x18CFF, 0x18CFF, 0x00440001),
    (0x18D00, 0x18D1E, 0x00940001),
    (0x18D80, 0x18DF2, 0x00940001),
    (0x1AFF0, 0x1AFF3, 0x003F0001),
    (0x1AFF5, 0x1AFFB, 0x003F0001),
    (0x1AFFD, 0x1AFFE, 0x003F0001),
    (0x1B000, 0x1B000, 0x003F0001),
    (0x1B001, 0x1B11F, 0x00370001),
    (0x1B120, 0x1B122, 0x003F0001),
    (0x1B132, 0x1B132, 0x00370001),
    (0x1B150, 0x1B152, 0x00370001),
    (0x1B155, 0x1B155, 0x003F0001),
    (0x1B164, 0x1B167, 0x003F0001),
    (0x1B170, 0x1B2FB, 0x00680001),
    (0x1BC00, 0x1BC6A, 0x00220001),
    (0x1BC70, 0x1BC7C, 0x00220001),
    (0x1BC80, 0x1BC88, 0x00220001),
    (0x1BC90, 0x1BC99, 0x00220001),
    (0x1BC9C, 0x1BC9C, 0x00228000),
    (0x1BC9D, 0x1BC9D, 0x40223100),
    (0x1BC9E, 0x1BC9E, 0x60223101),
    (0x1BC9F, 0x1BC9F, 0x01224080),
    (0x1BCA0, 0x1BCA3, 0x00000200),
    (0x1CC00, 0x1CCEF, 0x00008000),
    (0x1CCF0, 0x1CCF9, 0x00000030),
    (0x1CCFA, 0x1CCFC, 0x00008000),
    (0x1CD00, 0x1CEB3, 0x00008000),
    (0x1CEBA, 0x1CED0, 0x00008000),
    (0x1CEE0, 0x1CEF0, 0x00008000),
    (0x1CF00, 0x1CF2D, 0x40003100),
    (0x1CF30, 0x1CF46, 0x40003100),
    (0x1CF50, 0x1CFC3, 0x00008000),
    (0x1D000, 0x1D0F5, 0x00008000),
    (0x1D100, 0x1D126, 0x00008000),
    (0x1D129, 0x1D15D, 0x00008000),
    (0x1D15E, 0x1D164, 0x20008000),
    (0x1D165, 0x1D169, 0x60003100),
    (0x1D16A, 0x1D16C, 0x00008000),
    (0x1D16D, 0x1D172, 0x60003100),
    (0x1D173, 0x1D17A, 0x00000200),
    (0x1D17B, 0x1D182, 0x60003100),
    (0x1D183, 0x1D184, 0x00008000),
    (0x1D185, 0x1D18B, 0x60003100),
    (0x1D18C, 0x1D1A9, 0x00008000),
    (0x1D1AA, 0x1D1AD, 0x60003100),
    (0x1D1AE, 0x1D1BA, 0x00008000),
    (0x1D1BB, 0x1D1C0, 0x20008000),
    (0x1D1C1, 0x1D1EA, 0x00008000),
    (0x1D200, 0x1D241, 0x002E8000),
    (0x1D242, 0x1D244, 0x602E3100),
    (0x1D245, 0x1D245, 0x002E8000),
    (0x1D2C0, 0x1D2D3, 0x00000010),
    (0x1D2E0, 0x1D2F3, 0x00000010),
    (0x1D300, 0x1D356, 0x00008000),
    (0x1D360, 0x1D378, 0x00000010),
    (0x1D400, 0x1D419, 0x00C80005),
    (0x1D41A, 0x1D433, 0x00C80003),
    (0x1D434, 0x1D44D, 0x00C80005),
    (0x1D44E, 0x1D454, 0x00C80003),
    (0x1D455, 0x1D455, 0x00C80000),
    (0x1D456, 0x1D467, 0x00C80003),
    (0x1D468, 0x1D481, 0x00C80005),
    (0x1D482, 0x1D49B, 0x00C80003),
    (0x1D49C, 0x1D49C, 0x00C80005),
    (0x1D49D, 0x1D49D, 0x00C80000),
    (0x1D49E, 0x1D49F, 0x00C80005),
    (0x1D4A0, 0x1D4A1, 0x00C80000),
    (0x1D4A2, 0x1D4A2, 0x00C80005),
    (0x1D4A3, 0x1D4A4, 0x00C80000),
    (0x1D4A5, 0x1D4A6, 0x00C80005),
    (0x1D4A7, 0x1D4A8, 0x00C80000),
    (0x1D4A9, 0x1D4AC, 0x00C80005),
    (0x1D4AD, 0x1D4AD, 0x00C80000),
    (0x1D4AE, 0x1D4B5, 0x00C80005),
    (0x1D4B6, 0x1D4B9, 0x00C80003),
    (0x1D4BA, 0x1D4BA, 0x00C80000),
    (0x1D4BB, 0x1D4BB, 0x00C80003),
    (0x1D4BC, 0x1D4BC, 0x00C80000),
    (0x1D4BD, 0x1D4C3, 0x00C80003),
    (0x1D4C4, 0x1D4C4, 0x00C80000),
    (0x1D4C5, 0x1D4CF, 0x00C80003),
    (0x1D4D0, 0x1D4E9, 0x00C80005),
    (0x1D4EA, 0x1D503, 0x00C80003),
    (0x1D504, 0x1D505, 0x00C80005),
    (0x1D506, 0x1D506, 0x00C80000),
    (0x1D507, 0x1D50A, 0x00C80005),
    (0x1D50B, 0x1D50C, 0x00C80000),
    (0x1D50D, 0x1D514, 0x00C80005),
    (0x1D515, 0x1D515, 0x00C80000),
    (0x1D516, 0x1D51C, 0x00C80005),
    (0x1D51D, 0x1D51D, 0x00C80000),
    (0x1D51E, 0x1D537, 0x00C80003),
    (0x1D538, 0x1D539, 0x00C80005),
    (0x1D53A, 0x1D53A, 0x00C80000),
    (0x1D53B, 0x1D53E, 0x00C80005),
    (0x1D53F, 0x1D53F, 0x00C80000),
    (0x1D540, 0x1D544, 0x00C80005),
    (0x1D545, 0x1D545, 0x00C80000),
    (0x1D546, 0x1D546, 0x00C80005),
    (0x1D547, 0x1D549, 0x00C80000),
    (0x1D54A, 0x1D550, 0x00C80005),
    (0x1D551, 0x1D551, 0x00C80000),
    (0x1D552, 0x1D56B, 0x00C80003),
    (0x1D56C, 0x1D585, 0x00C80005),
    (0x1D586, 0x1D59F, 0x00C80003),
    (0x1D5A0, 0x1D5B9, 0x00C80005),
    (0x1D5BA, 0x1D5D3, 0x00C80003),
    (0x1D5D4, 0x1D5ED, 0x00C80005),
    (0x1D5EE, 0x1D607, 0x00C80003),
    (0x1D608, 0x1D621, 0x00C80005),
    (0x1D622, 0x1D63B, 0x00C80003),
    (0x1D63C, 0x1D655, 0x00C80005),
    (0x1D656, 0x1D66F, 0x00C80003),
    (0x1D670, 0x1D689, 0x00C80005),
    (0x1D68A, 0x1D6A5, 0x00C80003),
    (0x1D6A6, 0x1D6A7, 0x00C80000),
    (0x1D6A8, 0x1D6C0, 0x00C80005),
    (0x1D6C1, 0x1D6C1, 0x00C88000),
    (0x1D6C2, 0x1D6DA, 0x00C80003),
    (0x1D6DB, 0x1D6DB, 0x00C88000),
    (0x1D6DC, 0x1D6E1, 0x00C80003),
    (0x1D6E2, 0x1D6FA, 0x00C80005),
    (0x1D6FB, 0x1D6FB, 0x00C88000),
    (0x1D6FC, 0x1D714, 0x00C80003),
    (0x1D715, 0x1D715, 0x00C88000),
    (0x1D716, 0x1D71B, 0x00C80003),
    (0x1D71C, 0x1D734, 0x00C80005),
    (0x1D735, 0x1D735, 0x00C88000),
    (0x1D736, 0x1D74E, 0x00C80003),
    (0x1D74F, 0x1D74F, 0x00C88000),
    (0x1D750, 0x1D755, 0x00C80003),
    (0x1D756, 0x1D76E, 0x00C80005),
    (0x1D76F, 0x1D76F, 0x00C88000),
    (0x1D770, 0x1D788, 0x00C80003),
    (0x1D789, 0x1D789, 0x00C88000),
    (0x1D78A, 0x1D78F, 0x00C80003),
    (0x1D790, 0x1D7A8, 0x00C80005),
    (0x1D7A9, 0x1D7A9, 0x00C88000),
    (0x1D7AA, 0x1D7C2, 0x00C80003),
    (0x1D7C3, 0x1D7C3, 0x00C88000),
    (0x1D7C4, 0x1D7C9, 0x00C80003),
    (0x1D7CA, 0x1D7CA, 0x00C80005),
    (0x1D7CB, 0x1D7CB, 0x00C80003),
    (0x1D7CC, 0x1D7CD, 0x00C80000),
    (0x1D7CE, 0x1D7FF, 0x00C80030),
    (0x1D800, 0x1D9FF, 0x00808000),
    (0x1DA00, 0x1DA36, 0x40803100),
    (0x1DA37, 0x1DA3A, 0x00808000),
    (0x1DA3B, 0x1DA6C, 0x40803100),
    (0x1DA6D, 0x1DA74, 0x00808000),
    (0x1DA75, 0x1DA75, 0x40803100),
    (0x1DA76, 0x1DA83, 0x00808000),
    (0x1DA84, 0x1DA84, 0x40803100),
    (0x1DA85, 0x1DA86, 0x00808000),
    (0x1DA87, 0x1DA87, 0x01804000),
    (0x1DA88, 0x1DA88, 0x01804080),
    (0x1DA89, 0x1DA8B, 0x01804000),
    (0x1DA9B, 0x1DA9F, 0x40803100),
    (0x1DAA1, 0x1DAAF, 0x40803100),
    (0x1DF00, 0x1DF09, 0x004A0003),
    (0x1DF0A, 0x1DF0A, 0x004A0001),
    (0x1DF0B, 0x1DF1E, 0x004A0003),
    (0x1DF25, 0x1DF2A, 0x004A0003),
    (0x1E000, 0x1E006, 0x60293101),
    (0x1E008, 0x1E018, 0x60293101),
    (0x1E01B, 0x1E021, 0x60293101),
    (0x1E023, 0x1E024, 0x60293101),
    (0x1E026, 0x1E02A, 0x60293101),
    (0x1E030, 0x1E06D, 0x001D0003),
    (0x1E08F, 0x1E08F, 0x601D3101),
    (0x1E100, 0x1E12C, 0x003A0001),
    (0x1E130, 0x1E136, 0x603A3100),
    (0x1E137, 0x1E13D, 0x003A0001),
    (0x1E140, 0x1E149, 0x003A0030),
    (0x1E14E, 0x1E14E, 0x003A0001),
    (0x1E14F, 0x1E14F, 0x003A8000),
    (0x1E290, 0x1E2AD, 0x00A10001),
    (0x1E2AE, 0x1E2AE, 0x60A13100),
    (0x1E2C0, 0x1E2EB, 0x00A70001),
    (0x1E2EC, 0x1E2EF, 0x60A73100),
    (0x1E2F0, 0x1E2F9, 0x00A70030),
    (0x1E2FF, 0x1E2FF, 0x00A78000),
    (0x1E4D0, 0x1E4EB, 0x00620001),
    (0x1E4EC, 0x1E4EF, 0x60623100),
    (0x1E4F0, 0x1E4F9, 0x00620030),
    (0x1E5D0, 0x1E5ED, 0x006B0001),
    (0x1E5EE, 0x1E5EF, 0x606B3100),
    (0x1E5F0, 0x1E5F0, 0x006B0001),
    (0x1E5F1, 0x1E5FA, 0x006B0030),
    (0x1E5FF, 0x1E5FF, 0x016B4000),
    (0x1E6C0, 0x1E6DE, 0x00960001),
    (0x1E6E0, 0x1E6E2, 0x00960001),
    (0x1E6E3, 0x1E6E3, 0x60963101),
    (0x1E6E4, 0x1E6E5, 0x00960001),
    (0x1E6E6, 0x1E6E6, 0x60963101),
    (0x1E6E7, 0x1E6ED, 0x00960001),
    (0x1E6EE, 0x1E6EF, 0x60963101),
    (0x1E6F0, 0x1E6F4, 0x00960001),
    (0x1E6F5, 0x1E6F5, 0x60963101),
    (0x1E6FE, 0x1E6FF, 0x00960001),
    (0x1E7E0, 0x1E7E6, 0x00260001),
    (0x1E7E8, 0x1E7EB, 0x00260001),
    (0x1E7ED, 0x1E7EE, 0x00260001),
    (0x1E7F0, 0x1E7FE, 0x00260001),
    (0x1E800, 0x1E8C4, 0x00580001),
    (0x1E8C7, 0x1E8CF, 0x00580010),
    (0x1E8D0, 0x1E8D6, 0x60583100),
    (0x1E900, 0x1E921, 0x00010005),
    (0x1E922, 0x1E943, 0x00010003),
    (0x1E944, 0x1E946, 0x60013100),
    (0x1E947, 0x1E947, 0x60013101),
    (0x1E948, 0x1E94A, 0x60013100),
    (0x1E94B, 0x1E94B, 0x00010001),
    (0x1E950, 0x1E959, 0x00010030),
    (0x1E95E, 0x1E95F, 0x01014000),
    (0x1EC71, 0x1ECAB, 0x00000010),
    (0x1ECAC, 0x1ECAC, 0x00008000),
    (0x1ECAD, 0x1ECAF, 0x00000010),
    (0x1ECB0, 0x1ECB0, 0x00008000),
    (0x1ECB1, 0x1ECB4, 0x00000010),
    (0x1ED01, 0x1ED2D, 0x00000010),
    (0x1ED2E, 0x1ED2E, 0x00008000),
    (0x1ED2F, 0x1ED3D, 0x00000010),
    (0x1EE00, 0x1EE03, 0x00040001),
    (0x1EE05, 0x1EE1F, 0x00040001),
    (0x1EE21, 0x1EE22, 0x00040001),
    (0x1EE24, 0x1EE24, 0x00040001),
    (0x1EE27, 0x1EE27, 0x00040001),
    (0x1EE29, 0x1EE32, 0x00040001),
    (0x1EE34, 0x1EE37, 0x00040001),
    (0x1EE39, 0x1EE39, 0x00040001),
    (0x1EE3B, 0x1EE3B, 0x00040001),
    (0x1EE42, 0x1EE42, 0x00040001),
    (0x1EE47, 0x1EE47, 0x00040001),
    (0x1EE49, 0x1EE49, 0x00040001),
    (0x1EE4B, 0x1EE4B, 0x00040001),
    (0x1EE4D, 0x1EE4F, 0x00040001),
    (0x1EE51, 0x1EE52, 0x00040001),
    (0x1EE54, 0x1EE54, 0x00040001),
    (0x1EE57, 0x1EE57, 0x00040001),
    (0x1EE59, 0x1EE59, 0x00040001),
    (0x1EE5B, 0x1EE5B, 0x00040001),
    (0x1EE5D, 0x1EE5D, 0x00040001),
    (0x1EE5F, 0x1EE5F, 0x00040001),
    (0x1EE61, 0x1EE62, 0x00040001),
    (0x1EE64, 0x1EE64, 0x00040001),
    (0x1EE67, 0x1EE6A, 0x00040001),
    (0x1EE6C, 0x1EE72, 0x00040001),
    (0x1EE74, 0x1EE77, 0x00040001),
    (0x1EE79, 0x1EE7C, 0x00040001),
    (0x1EE7E, 0x1EE7E, 0x00040001),
    (0x1EE80, 0x1EE89, 0x00040001),
    (0x1EE8B, 0x1EE9B, 0x00040001),
    (0x1EEA1, 0x1EEA3, 0x00040001),
    (0x1EEA5, 0x1EEA9, 0x00040001),
    (0x1EEAB, 0x1EEBB, 0x00040001),
    (0x1EEF0, 0x1EEF1, 0x00048000),
    (0x1F000, 0x1F003, 0x00008000),
    (0x1F004, 0x1F004, 0x00008200),
    (0x1F005, 0x1F02B, 0x00008000),
    (0x1F02C, 0x1F02F, 0x00000200),
    (0x1F030, 0x1F093, 0x00008000),
    (0x1F094, 0x1F09F, 0x00000200),
    (0x1F0A0, 0x1F0AE, 0x00008000),
    (0x1F0AF, 0x1F0B0, 0x00000200),
    (0x1F0B1, 0x1F0BF, 0x00008000),
    (0x1F0C0, 0x1F0C0, 0x00000200),
    (0x1F0C1, 0x1F0CE, 0x00008000),
    (0x1F0CF, 0x1F0CF, 0x00008200),
    (0x1F0D0, 0x1F0D0, 0x00000200),
    (0x1F0D1, 0x1F0F5, 0x00008000),
    (0x1F0F6, 0x1F0FF, 0x00000200),
    (0x1F100, 0x1F10C, 0x00000010),
    (0x1F10D, 0x1F12F, 0x00008000),
    (0x1F130, 0x1F149, 0x00008005),
    (0x1F14A, 0x1F14F, 0x00008000),
    (0x1F150, 0x1F169, 0x00008005),
    (0x1F16A, 0x1F16F, 0x00008000),
    (0x1F170, 0x1F171, 0x00008205),
    (0x1F172, 0x1F17D, 0x00008005),
    (0x1F17E, 0x1F17F, 0x00008205),
    (0x1F180, 0x1F189, 0x00008005),
    (0x1F18A, 0x1F18D, 0x00008000),
    (0x1F18E, 0x1F18E, 0x00008200),
    (0x1F18F, 0x1F190, 0x00008000),
    (0x1F191, 0x1F19A, 0x00008200),
    (0x1F19B, 0x1F1AD, 0x00008000),
    (0x1F1AE, 0x1F1E5, 0x00000200),
    (0x1F1E6, 0x1F1FF, 0x00008200),
    (0x1F200, 0x1F200, 0x00378000),
    (0x1F201, 0x1F202, 0x00008200),
    (0x1F203, 0x1F20F, 0x00000200),
    (0x1F210, 0x1F219, 0x00008000),
    (0x1F21A, 0x1F21A, 0x00008200),
    (0x1F21B, 0x1F22E, 0x00008000),
    (0x1F22F, 0x1F22F, 0x00008200),
    (0x1F230, 0x1F231, 0x00008000),
    (0x1F232, 0x1F23A, 0x00008200),
    (0x1F23B, 0x1F23B, 0x00008000),
    (0x1F23C, 0x1F23F, 0x00000200),
    (0x1F240, 0x1F248, 0x00008000),
    (0x1F249, 0x1F24F, 0x00000200),
    (0x1F250, 0x1F251, 0x00008200),
    (0x1F252, 0x1F25F, 0x00000200),
    (0x1F260, 0x1F265, 0x00008000),
    (0x1F266, 0x1F2FF, 0x00000200),
    (0x1F300, 0x1F321, 0x00008200),
    (0x1F322, 0x1F323, 0x00008000),
    (0x1F324, 0x1F393, 0x00008200),
    (0x1F394, 0x1F395, 0x00008000),
    (0x1F396, 0x1F397, 0x00008200),
    (0x1F398, 0x1F398, 0x00008000),
    (0x1F399, 0x1F39B, 0x00008200),
    (0x1F39C, 0x1F39D, 0x00008000),
    (0x1F39E, 0x1F3F0, 0x00008200),
    (0x1F3F1, 0x1F3F2, 0x00008000),
    (0x1F3F3, 0x1F3F5, 0x00008200),
    (0x1F3F6, 0x1F3F6, 0x00008000),
    (0x1F3F7, 0x1F3FA, 0x00008200),
    (0x1F3FB, 0x1F3FF, 0x40009100),
    (0x1F400, 0x1F4FD, 0x00008200),
    (0x1F4FE, 0x1F4FE, 0x00008000),
    (0x1F4FF, 0x1F53D, 0x00008200),
    (0x1F53E, 0x1F548, 0x00008000),
    (0x1F549, 0x1F54E, 0x00008200),
    (0x1F54F, 0x1F54F, 0x00008000),
    (0x1F550, 0x1F567, 0x00008200),
    (0x1F568, 0x1F56E, 0x00008000),
    (0x1F56F, 0x1F570, 0x00008200),
    (0x1F571, 0x1F572, 0x00008000),
    (0x1F573, 0x1F57A, 0x00008200),
    (0x1F57B, 0x1F586, 0x00008000),
    (0x1F587, 0x1F587, 0x00008200),
    (0x1F588, 0x1F589, 0x00008000),
    (0x1F58A, 0x1F58D, 0x00008200),
    (0x1F58E, 0x1F58F, 0x00008000),
    (0x1F590, 0x1F590, 0x00008200),
    (0x1F591, 0x1F594, 0x00008000),
    (0x1F595, 0x1F596, 0x00008200),
    (0x1F597, 0x1F5A3, 0x00008000),
    (0x1F5A4, 0x1F5A5, 0x00008200),
    (0x1F5A6, 0x1F5A7, 0x00008000),
    (0x1F5A8, 0x1F5A8, 0x00008200),
    (0x1F5A9, 0x1F5B0, 0x00008000),
    (0x1F5B1, 0x1F5B2, 0x00008200),
    (0x1F5B3, 0x1F5BB, 0x00008000),
    (0x1F5BC, 0x1F5BC, 0x00008200),
    (0x1F5BD, 0x1F5C1, 0x00008000),
    (0x1F5C2, 0x1F5C4, 0x00008200),
    (0x1F5C5, 0x1F5D0, 0x00008000),
    (0x1F5D1, 0x1F5D3, 0x00008200),
    (0x1F5D4, 0x1F5DB, 0x00008000),
    (0x1F5DC, 0x1F5DE, 0x00008200),
    (0x1F5DF, 0x1F5E0, 0x00008000),
    (0x1F5E1, 0x1F5E1, 0x00008200),
    (0x1F5E2, 0x1F5E2, 0x00008000),
    (0x1F5E3, 0x1F5E3, 0x00008200),
    (0x1F5E4, 0x1F5E7, 0x00008000),
    (0x1F5E8, 0x1F5E8, 0x00008200),
    (0x1F5E9, 0x1F5EE, 0x00008000),
    (0x1F5EF, 0x1F5EF, 0x00008200),
    (0x1F5F0, 0x1F5F2, 0x00008000),
    (0x1F5F3, 0x1F5F3, 0x00008200),
    (0x1F5F4, 0x1F5F9, 0x00008000),
    (0x1F5FA, 0x1F64F, 0x00008200),
    (0x1F650, 0x1F67F, 0x00008000),
    (0x1F680, 0x1F6C5, 0x00008200),
    (0x1F6C6, 0x1F6CA, 0x00008000),
    (0x1F6CB, 0x1F6D2, 0x00008200),
    (0x1F6D3, 0x1F6D4, 0x00008000),
    (0x1F6D5, 0x1F6D8, 0x00008200),
    (0x1F6D9, 0x1F6DB, 0x00000200),
    (0x1F6DC, 0x1F6E5, 0x00008200),
    (0x1F6E6, 0x1F6E8, 0x00008000),
    (0x1F6E9, 0x1F6E9, 0x00008200),
    (0x1F6EA, 0x1F6EA, 0x00008000),
    (0x1F6EB, 0x1F6EC, 0x00008200),
    (0x1F6ED, 0x1F6EF, 0x00000200),
    (0x1F6F0, 0x1F6F0, 0x00008200),
    (0x1F6F1, 0x1F6F2, 0x00008000),
    (0x1F6F3, 0x1F6FC, 0x00008200),
    (0x1F6FD, 0x1F6FF, 0x00000200),
    (0x1F700, 0x1F7D9, 0x00008000),
    (0x1F7DA, 0x1F7DF, 0x00000200),
    (0x1F7E0, 0x1F7EB, 0x00008200),
    (0x1F7EC, 0x1F7EF, 0x00000200),
    (0x1F7F0, 0x1F7F0, 0x00008200),
    (0x1F7F1, 0x1F7FF, 0x00000200),
    (0x1F800, 0x1F80B, 0x00008000),
    (0x1F80C, 0x1F80F, 0x00000200),
    (0x1F810, 0x1F847, 0x00008000),
    (0x1F848, 0x1F84F, 0x00000200),
    (0x1F850, 0x1F859, 0x00008000),
    (0x1F85A, 0x1F85F, 0x00000200),
    (0x1F860, 0x1F887, 0x00008000),
    (0x1F888, 0x1F88F, 0x00000200),
    (0x1F890, 0x1F8AD, 0x00008000),
    (0x1F8AE, 0x1F8AF, 0x00000200),
    (0x1F8B0, 0x1F8BB, 0x00008000),
    (0x1F8BC, 0x1F8BF, 0x00000200),
    (0x1F8C0, 0x1F8C1, 0x00008000),
    (0x1F8C2, 0x1F8CF, 0x00000200),
    (0x1F8D0, 0x1F8D8, 0x00008000),
    (0x1F8D9, 0x1F8FF, 0x00000200),
    (0x1F900, 0x1F90B, 0x00008000),
    (0x1F90C, 0x1F93A, 0x00008200),
    (0x1F93B, 0x1F93B, 0x00008000),
    (0x1F93C, 0x1F945, 0x00008200),
    (0x1F946, 0x1F946, 0x00008000),
    (0x1F947, 0x1F9FF, 0x00008200),
    (0x1FA00, 0x1FA57, 0x00008000),
    (0x1FA58, 0x1FA5F, 0x00000200),
    (0x1FA60, 0x1FA6D, 0x00008000),
    (0x1FA6E, 0x1FA6F, 0x00000200),
    (0x1FA70, 0x1FA7C, 0x00008200),
    (0x1FA7D, 0x1FA7F, 0x00000200),
    (0x1FA80, 0x1FA8A, 0x00008200),
    (0x1FA8B, 0x1FA8D, 0x00000200),
    (0x1FA8E, 0x1FAC6, 0x00008200),
    (0x1FAC7, 0x1FAC7, 0x00000200),
    (0x1FAC8, 0x1FAC8, 0x00008200),
    (0x1FAC9, 0x1FACC, 0x00000200),
    (0x1FACD, 0x1FADC, 0x00008200),
    (0x1FADD, 0x1FADE, 0x00000200),
    (0x1FADF, 0x1FAEA, 0x00008200),
    (0x1FAEB, 0x1FAEE, 0x00000200),
    (0x1FAEF, 0x1FAF8, 0x00008200),
    (0x1FAF9, 0x1FAFF, 0x00000200),
    (0x1FB00, 0x1FB92, 0x00008000),
    (0x1FB94, 0x1FBEF, 0x00008000),
    (0x1FBF0, 0x1FBF9, 0x00000030),
    (0x1FBFA, 0x1FBFA, 0x00008000),
    (0x1FC00, 0x1FFFD, 0x00000200),
    (0x1FFFE, 0x1FFFF, 0x08000000),
    (0x20000, 0x20121, 0x00330001),
    (0x20122, 0x20122, 0x20330001),
    (0x20123, 0x2051B, 0x00330001),
    (0x2051C, 0x2051C, 0x20330001),
    (0x2051D, 0x20524, 0x00330001),
    (0x20525, 0x20525, 0x20330001),
    (0x20526, 0x2054A, 0x00330001),
    (0x2054B, 0x2054B, 0x20330001),
    (0x2054C, 0x20639, 0x00330001),
    (0x2063A, 0x2063A, 0x20330001),
    (0x2063B, 0x20803, 0x00330001),
    (0x20804, 0x20804, 0x20330001),
    (0x20805, 0x208DD, 0x00330001),
    (0x208DE, 0x208DE, 0x20330001),
    (0x208DF, 0x20A2B, 0x00330001),
    (0x20A2C, 0x20A2C, 0x20330001),
    (0x20A2D, 0x20B62, 0x00330001),
    (0x20B63, 0x20B63, 0x20330001),
    (0x20B64, 0x214E3, 0x00330001),
    (0x214E4, 0x214E4, 0x20330001),
    (0x214E5, 0x216A7, 0x00330001),
    (0x216A8, 0x216A8, 0x20330001),
    (0x216A9, 0x216E9, 0x00330001),
    (0x216EA, 0x216EA, 0x20330001),
    (0x216EB, 0x219C7, 0x00330001),
    (0x219C8, 0x219C8, 0x20330001),
    (0x219C9, 0x21B17, 0x00330001),
    (0x21B18, 0x21B18, 0x20330001),
    (0x21B19, 0x21D0A, 0x00330001),
    (0x21D0B, 0x21D0B, 0x20330001),
    (0x21D0C, 0x21DE3, 0x00330001),
    (0x21DE4, 0x21DE4, 0x20330001),
    (0x21DE5, 0x21DE5, 0x00330001),
    (0x21DE6, 0x21DE6, 0x20330001),
    (0x21DE7, 0x22182, 0x00330001),
    (0x22183, 0x22183, 0x20330001),
    (0x22184, 0x2219E, 0x00330001),
    (0x2219F, 0x2219F, 0x20330001),
    (0x221A0, 0x22330, 0x00330001),
    (0x22331, 0x22331, 0x20330001),
    (0x22332, 0x226D3, 0x00330001),
    (0x226D4, 0x226D4, 0x20330001),
    (0x226D5, 0x22843, 0x00330001),
    (0x22844, 0x22844, 0x20330001),
    (0x22845, 0x22849, 0x00330001),
    (0x2284A, 0x2284A, 0x20330001),
    (0x2284B, 0x22B0B, 0x00330001),
    (0x22B0C, 0x22B0C, 0x20330001),
    (0x22B0D, 0x22BF0, 0x00330001),
    (0x22BF1, 0x22BF1, 0x20330001),
    (0x22BF2, 0x23009, 0x00330001),
    (0x2300A, 0x2300A, 0x20330001),
    (0x2300B, 0x232B7, 0x00330001),
    (0x232B8, 0x232B8, 0x20330001),
    (0x232B9, 0x2335E, 0x00330001),
    (0x2335F, 0x2335F, 0x20330001),
    (0x23360, 0x23392, 0x00330001),
    (0x23393, 0x23393, 0x20330001),
    (0x23394, 0x2339B, 0x00330001),
    (0x2339C, 0x2339C, 0x20330001),
    (0x2339D, 0x233C2, 0x00330001),
    (0x233C3, 0x233C3, 0x20330001),
    (0x233C4, 0x233D4, 0x00330001),
    (0x233D5, 0x233D5, 0x20330001),
    (0x233D6, 0x2346C, 0x00330001),
    (0x2346D, 0x2346D, 0x20330001),
    (0x2346E, 0x236A2, 0x00330001),
    (0x236A3, 0x236A3, 0x20330001),
    (0x236A4, 0x238A6, 0x00330001),
    (0x238A7, 0x238A7, 0x20330001),
    (0x238A8, 0x23A8C, 0x00330001),
    (0x23A8D, 0x23A8D, 0x20330001),
    (0x23A8E, 0x23AF9, 0x00330001),
    (0x23AFA, 0x23AFA, 0x20330001),
    (0x23AFB, 0x23CBB, 0x00330001),
    (0x23CBC, 0x23CBC, 0x20330001),
    (0x23CBD, 0x23D1D, 0x00330001),
    (0x23D1E, 0x23D1E, 0x20330001),
    (0x23D1F, 0x23ED0, 0x00330001),
    (0x23ED1, 0x23ED1, 0x20330001),
    (0x23ED2, 0x23F5D, 0x00330001),
    (0x23F5E, 0x23F5E, 0x20330001),
    (0x23F5F, 0x23F8D, 0x00330001),
    (0x23F8E, 0x23F8E, 0x20330001),
    (0x23F8F, 0x24262, 0x00330001),
    (0x24263, 0x24263, 0x20330001),
    (0x24264, 0x242ED, 0x00330001),
    (0x242EE, 0x242EE, 0x20330001),
    (0x242EF, 0x243AA, 0x00330001),
    (0x243AB, 0x243AB, 0x20330001),
    (0x243AC, 0x24607, 0x00330001),
    (0x24608, 0x24608, 0x20330001),
    (0x24609, 0x24734, 0x00330001),
    (0x24735, 0x24735, 0x20330001),
    (0x24736, 0x24813, 0x00330001),
    (0x24814, 0x24814, 0x20330001),
    (0x24815, 0x24C35, 0x00330001),
    (0x24C36, 0x24C36, 0x20330001),
    (0x24C37, 0x24C91, 0x00330001),
    (0x24C92, 0x24C92, 0x20330001),
    (0x24C93, 0x24FA0, 0x00330001),
    (0x24FA1, 0x24FA1, 0x20330001),
    (0x24FA2, 0x24FB7, 0x00330001),
    (0x24FB8, 0x24FB8, 0x20330001),
    (0x24FB9, 0x25043, 0x00330001),
    (0x25044, 0x25044, 0x20330001),
    (0x25045, 0x250F1, 0x00330001),
    (0x250F2, 0x250F3, 0x20330001),
    (0x250F4, 0x25118, 0x00330001),
    (0x25119, 0x25119, 0x20330001),
    (0x2511A, 0x25132, 0x00330001),
    (0x25133, 0x25133, 0x20330001),
    (0x25134, 0x25248, 0x00330001),
    (0x25249, 0x25249, 0x20330001),
    (0x2524A, 0x2541C, 0x00330001),
    (0x2541D, 0x2541D, 0x20330001),
    (0x2541E, 0x25625, 0x00330001),
    (0x25626, 0x25626, 0x20330001),
    (0x25627, 0x25699, 0x00330001),
    (0x2569A, 0x2569A, 0x20330001),
    (0x2569B, 0x256C4, 0x00330001),
    (0x256C5, 0x256C5, 0x20330001),
    (0x256C6, 0x2597B, 0x00330001),
    (0x2597C, 0x2597C, 0x20330001),
    (0x2597D, 0x25AA6, 0x00330001),
    (0x25AA7, 0x25AA7, 0x20330001),
    (0x25AA8, 0x25BAA, 0x00330001),
    (0x25BAB, 0x25BAB, 0x20330001),
    (0x25BAC, 0x25C7F, 0x00330001),
    (0x25C80, 0x25C80, 0x20330001),
    (0x25C81, 0x25CCF, 0x00330001),
    (0x25CD0, 0x25CD0, 0x20330001),
    (0x25CD1, 0x25F85, 0x00330001),
    (0x25F86, 0x25F86, 0x20330001),
    (0x25F87, 0x261D9, 0x00330001),
    (0x261DA, 0x261DA, 0x20330001),
    (0x261DB, 0x26227, 0x00330001),
    (0x26228, 0x26228, 0x20330001),
    (0x26229, 0x26246, 0x00330001),
    (0x26247, 0x26247, 0x20330001),
    (0x26248, 0x262D8, 0x00330001),
    (0x262D9, 0x262D9, 0x20330001),
    (0x262DA, 0x2633D, 0x00330001),
    (0x2633E, 0x2633E, 0x20330001),
    (0x2633F, 0x264D9, 0x00330001),
    (0x264DA, 0x264DA, 0x20330001),
    (0x264DB, 0x26522, 0x00330001),
    (0x26523, 0x26523, 0x20330001),
    (0x26524, 0x265A7, 0x00330001),
    (0x265A8, 0x265A8, 0x20330001),
    (0x265A9, 0x267A6, 0x00330001),
    (0x267A7, 0x267A7, 0x20330001),
    (0x267A8, 0x267B4, 0x00330001),
    (0x267B5, 0x267B5, 0x20330001),
    (0x267B6, 0x26B3B, 0x00330001),
    (0x26B3C, 0x26B3C, 0x20330001),
    (0x26B3D, 0x26C35, 0x00330001),
    (0x26C36, 0x26C36, 0x20330001),
    (0x26C37, 0x26CD4, 0x00330001),
    (0x26CD5, 0x26CD5, 0x20330001),
    (0x26CD6, 0x26D6A, 0x00330001),
    (0x26D6B, 0x26D6B, 0x20330001),
    (0x26D6C, 0x26F2B, 0x00330001),
    (0x26F2C, 0x26F2C, 0x20330001),
    (0x26F2D, 0x26FB0, 0x00330001),
    (0x26FB1, 0x26FB1, 0x20330001),
    (0x26FB2, 0x270D1, 0x00330001),
    (0x270D2, 0x270D2, 0x20330001),
    (0x270D3, 0x273C9, 0x00330001),
    (0x273CA, 0x273CA, 0x20330001),
    (0x273CB, 0x27666, 0x00330001),
    (0x27667, 0x27667, 0x20330001),
    (0x27668, 0x278AD, 0x00330001),
    (0x278AE, 0x278AE, 0x20330001),
    (0x278AF, 0x27965, 0x00330001),
    (0x27966, 0x27966, 0x20330001),
    (0x27967, 0x27CA7, 0x00330001),
    (0x27CA8, 0x27CA8, 0x20330001),
    (0x27CA9, 0x27ED2, 0x00330001),
    (0x27ED3, 0x27ED3, 0x20330001),
    (0x27ED4, 0x27F2E, 0x00330001),
    (0x27F2F, 0x27F2F, 0x20330001),
    (0x27F30, 0x285D1, 0x00330001),
    (0x285D2, 0x285D2, 0x20330001),
    (0x285D3, 0x285EC, 0x00330001),
    (0x285ED, 0x285ED, 0x20330001),
    (0x285EE, 0x2872D, 0x00330001),
    (0x2872E, 0x2872E, 0x20330001),
    (0x2872F, 0x28BF9, 0x00330001),
    (0x28BFA, 0x28BFA, 0x20330001),
    (0x28BFB, 0x28D76, 0x00330001),
    (0x28D77, 0x28D77, 0x20330001),
    (0x28D78, 0x29144, 0x00330001),
    (0x29145, 0x29145, 0x20330001),
    (0x29146, 0x291DE, 0x00330001),
    (0x291DF, 0x291DF, 0x20330001),
    (0x291E0, 0x29219, 0x00330001),
    (0x2921A, 0x2921A, 0x20330001),
    (0x2921B, 0x29409, 0x00330001),
    (0x2940A, 0x2940A, 0x20330001),
    (0x2940B, 0x29495, 0x00330001),
    (0x29496, 0x29496, 0x20330001),
    (0x29497, 0x295B5, 0x00330001),
    (0x295B6, 0x295B6, 0x20330001),
    (0x295B7, 0x29B2F, 0x00330001),
    (0x29B30, 0x29B30, 0x20330001),
    (0x29B31, 0x2A0CD, 0x00330001),
    (0x2A0CE, 0x2A0CE, 0x20330001),
    (0x2A0CF, 0x2A104, 0x00330001),
    (0x2A105, 0x2A105, 0x20330001),
    (0x2A106, 0x2A20D, 0x00330001),
    (0x2A20E, 0x2A20E, 0x20330001),
    (0x2A20F, 0x2A290, 0x00330001),
    (0x2A291, 0x2A291, 0x20330001),
    (0x2A292, 0x2A391, 0x00330001),
    (0x2A392, 0x2A392, 0x20330001),
    (0x2A393, 0x2A5FF, 0x00330001),
    (0x2A600, 0x2A600, 0x20330001),
    (0x2A601, 0x2A6DF, 0x00330001),
    (0x2A700, 0x2B81D, 0x00330001),
    (0x2B820, 0x2CEAD, 0x00330001),
    (0x2CEB0, 0x2EBE0, 0x00330001),
    (0x2EBF0, 0x2EE5D, 0x00330001),
    (0x2F800, 0x2FA1D, 0x20330001),
    (0x2FFFE, 0x2FFFF, 0x08000000),
    (0x30000, 0x3134A, 0x00330001),
    (0x31350, 0x33479, 0x00330001),
    (0x3FFFE, 0x3FFFF, 0x08000000),
    (0x4FFFE, 0x4FFFF, 0x08000000),
    (0x5FFFE, 0x5FFFF, 0x08000000),
    (0x6FFFE, 0x6FFFF, 0x08000000),
    (0x7FFFE, 0x7FFFF, 0x08000000),
    (0x8FFFE, 0x8FFFF, 0x08000000),
    (0x9FFFE, 0x9FFFF, 0x08000000),
    (0xAFFFE, 0xAFFFF, 0x08000000),
    (0xBFFFE, 0xBFFFF, 0x08000000),
    (0xCFFFE, 0xCFFFF, 0x08000000),
    (0xDFFFE, 0xDFFFF, 0x08000000),
    (0xE0000, 0xE001F, 0x00000200),
    (0xE0020, 0xE007F, 0x40001100),
    (0xE0080, 0xE00FF, 0x00000200),
    (0xE0100, 0xE01EF, 0x40003100),
    (0xE01F0, 0xE0FFF, 0x00000200),
    (0xEFFFE, 0xEFFFF, 0x08000000),
    (0xFFFFE, 0xFFFFF, 0x08000000),
    (0x10FFFE, 0x10FFFF, 0x08000000),
];

/// `(open, close)` scalar pairs from UCD `BidiBrackets.txt` — the
/// paired-bracket inventory for `punct.bracket-balance`. Sorted by
/// the open scalar for binary search.
pub(crate) const BRACKET_PAIRS: &[(u32, u32)] = &[
    (0x28, 0x29),
    (0x5B, 0x5D),
    (0x7B, 0x7D),
    (0xF3A, 0xF3B),
    (0xF3C, 0xF3D),
    (0x169B, 0x169C),
    (0x2045, 0x2046),
    (0x207D, 0x207E),
    (0x208D, 0x208E),
    (0x2308, 0x2309),
    (0x230A, 0x230B),
    (0x2329, 0x232A),
    (0x2768, 0x2769),
    (0x276A, 0x276B),
    (0x276C, 0x276D),
    (0x276E, 0x276F),
    (0x2770, 0x2771),
    (0x2772, 0x2773),
    (0x2774, 0x2775),
    (0x27C5, 0x27C6),
    (0x27E6, 0x27E7),
    (0x27E8, 0x27E9),
    (0x27EA, 0x27EB),
    (0x27EC, 0x27ED),
    (0x27EE, 0x27EF),
    (0x2983, 0x2984),
    (0x2985, 0x2986),
    (0x2987, 0x2988),
    (0x2989, 0x298A),
    (0x298B, 0x298C),
    (0x298D, 0x2990),
    (0x298F, 0x298E),
    (0x2991, 0x2992),
    (0x2993, 0x2994),
    (0x2995, 0x2996),
    (0x2997, 0x2998),
    (0x29D8, 0x29D9),
    (0x29DA, 0x29DB),
    (0x29FC, 0x29FD),
    (0x2E22, 0x2E23),
    (0x2E24, 0x2E25),
    (0x2E26, 0x2E27),
    (0x2E28, 0x2E29),
    (0x2E55, 0x2E56),
    (0x2E57, 0x2E58),
    (0x2E59, 0x2E5A),
    (0x2E5B, 0x2E5C),
    (0x3008, 0x3009),
    (0x300A, 0x300B),
    (0x3010, 0x3011),
    (0x3014, 0x3015),
    (0x3016, 0x3017),
    (0x3018, 0x3019),
    (0x301A, 0x301B),
    (0xFD3E, 0xFD3F),
    (0xFE59, 0xFE5A),
    (0xFE5B, 0xFE5C),
    (0xFE5D, 0xFE5E),
    (0xFF08, 0xFF09),
    (0xFF3B, 0xFF3D),
    (0xFF5B, 0xFF5D),
    (0xFF5F, 0xFF60),
];

/// ISO 15924 short name per script byte (ADR 0047): index by the
/// fused table's script lane. `""` = no positive script identity
/// (byte 0: Common/Inherited/Unknown) or an unused byte.
pub(crate) const SCRIPT_NAMES: [&str; 201] = [
    "",
    "Adlm",
    "Aghb",
    "Ahom",
    "Arab",
    "Armi",
    "Armn",
    "Avst",
    "Bali",
    "Bamu",
    "Bass",
    "Batk",
    "Beng",
    "Berf",
    "Bhks",
    "Bopo",
    "Brah",
    "Brai",
    "Bugi",
    "Buhd",
    "Cakm",
    "Cans",
    "Cari",
    "Cham",
    "Cher",
    "Chrs",
    "Copt",
    "Cpmn",
    "Cprt",
    "Cyrl",
    "Deva",
    "Diak",
    "Dogr",
    "Dsrt",
    "Dupl",
    "Egyp",
    "Elba",
    "Elym",
    "Ethi",
    "Gara",
    "Geor",
    "Glag",
    "Gong",
    "Gonm",
    "Goth",
    "Gran",
    "Grek",
    "Gujr",
    "Gukh",
    "Guru",
    "Hang",
    "Hani",
    "Hano",
    "Hatr",
    "Hebr",
    "Hira",
    "Hluw",
    "Hmng",
    "Hmnp",
    "Hung",
    "Ital",
    "Java",
    "Kali",
    "Kana",
    "Kawi",
    "Khar",
    "Khmr",
    "Khoj",
    "Kits",
    "Knda",
    "Krai",
    "Kthi",
    "Lana",
    "Laoo",
    "Latn",
    "Lepc",
    "Limb",
    "Lina",
    "Linb",
    "Lisu",
    "Lyci",
    "Lydi",
    "Mahj",
    "Maka",
    "Mand",
    "Mani",
    "Marc",
    "Medf",
    "Mend",
    "Merc",
    "Mero",
    "Mlym",
    "Modi",
    "Mong",
    "Mroo",
    "Mtei",
    "Mult",
    "Mymr",
    "Nagm",
    "Nand",
    "Narb",
    "Nbat",
    "Newa",
    "Nkoo",
    "Nshu",
    "Ogam",
    "Olck",
    "Onao",
    "Orkh",
    "Orya",
    "Osge",
    "Osma",
    "Ougr",
    "Palm",
    "Pauc",
    "Perm",
    "Phag",
    "Phli",
    "Phlp",
    "Phnx",
    "Plrd",
    "Prti",
    "Rjng",
    "Rohg",
    "Runr",
    "Samr",
    "Sarb",
    "Saur",
    "Sgnw",
    "Shaw",
    "Shrd",
    "Sidd",
    "Sidt",
    "Sind",
    "Sinh",
    "Sogd",
    "Sogo",
    "Sora",
    "Soyo",
    "Sund",
    "Sunu",
    "Sylo",
    "Syrc",
    "Tagb",
    "Takr",
    "Tale",
    "Talu",
    "Taml",
    "Tang",
    "Tavt",
    "Tayo",
    "Telu",
    "Tfng",
    "Tglg",
    "Thaa",
    "Thai",
    "Tibt",
    "Tirh",
    "Tnsa",
    "Todr",
    "Tols",
    "Toto",
    "Tutg",
    "Ugar",
    "Vaii",
    "Vith",
    "Wara",
    "Wcho",
    "Xpeo",
    "Xsux",
    "Yezi",
    "Yiii",
    "Zanb",
    "",
    "",
    "",
    "",
    "",
    "",
    "",
    "",
    "",
    "",
    "",
    "",
    "",
    "",
    "",
    "",
    "",
    "",
    "",
    "",
    "",
    "",
    "",
    "",
    "",
    "",
    "",
    "Zmth",
];
